,bio1,bio2,bio3,bio4,bio5,bio6,bio7,bio8,bio9,bio10,bio11,bio12,bio13,bio14,bio15,bio16,bio17,bio18,bio19
Cell_76,NA,NA,NA,NA,NA,NA,NA,NA,NA,NA,NA,NA,NA,NA,NA,NA,NA,NA,NA
Cell_131,276.7222222,103.1111111,78.66666667,456.8055556,341.1111111,210.4722222,130.6388889,274.5833333,275.0277778,281.8055556,270.25,1183.972222,199.5555556,11.13888889,63.52777778,501.3611111,47.47222222,274.8055556,256.75
Cell_195,271.0555556,108.8333333,71.47222222,778.8611111,353.25,202,151.25,263.1666667,275.3333333,282.3333333,262.8611111,1340.75,235.8888889,5.194444444,77.86111111,673.5833333,20.5,191.4722222,669.1388889
Cell_196,270,109,74.44444444,793.8055556,346.2777778,200.6666667,145.6111111,263.0833333,272.5833333,282.0277778,262.5,1190.555556,221.4166667,2.222222222,81.97222222,624.5,12.66666667,213.4444444,517.0277778
Cell_199,261.6666667,107.5833333,80.52777778,528.4444444,328.6944444,195.8333333,132.8611111,259.25,258.1111111,268,255.2222222,990.1111111,180.9444444,7.138888889,74.05555556,506.1666667,36.47222222,135.8333333,62.16666667
Cell_200,267.0277778,100.0833333,78.41666667,592.1111111,330.6388889,203.7777778,126.8611111,265.6111111,266.6944444,272.7222222,258.4722222,1099.361111,181.5833333,15.83333333,61.22222222,518.0277778,70.08333333,168.2777778,141.1111111
Cell_201,264.0833333,90.55555556,79.19444444,609.0555556,319.6666667,205.9166667,113.75,264.6111111,262.3888889,269.3888889,254.4444444,1385.5,211.0833333,38.77777778,47.11111111,573.9166667,140.5,359.1944444,258.5277778
Cell_254,272.5277778,101.1388889,78.41666667,577.0277778,341.3611111,213.2222222,128.1388889,267.0555556,273.5,281.2222222,266.6666667,1398.111111,276.8333333,3.583333333,85.36111111,761.0555556,16.05555556,192.6111111,751.6944444
Cell_257,267.7777778,98.75,79.02777778,618.0277778,332.9166667,208.8055556,124.1111111,264.3333333,263.8611111,274.6944444,259.7222222,1052.888889,182,10.80555556,66.08333333,515.9722222,55.75,158.6666667,106.25
Cell_258,255.1944444,95.75,81.30555556,556.7777778,315.0277778,197.8611111,117.1666667,253.8055556,254.9722222,260,246.7222222,1190.277778,197.9444444,32.86111111,52.75,529.5555556,116.9166667,237.0833333,193.6666667
Cell_302,229.6111111,100.0833333,84.63888889,434.6388889,287.8333333,170.3055556,117.5277778,227.25,230.0555556,234.8055556,223.8055556,3523.861111,443.9722222,84.27777778,43.30555556,1235,321.2222222,785.5555556,965.4444444
Cell_305,194.1388889,101.6944444,82.41666667,364.6388889,254.3333333,131.8055556,122.5277778,192.5,192,198,189.1944444,2407.888889,358.8333333,48.33333333,51.05555556,970.25,187.8611111,503.0833333,628.5833333
Cell_306,264.25,103.4444444,78.44444444,511.4722222,333.4166667,202.5277778,130.8888889,258.2777778,265.8888889,270.3055556,257.3055556,2026.833333,327.6111111,16.33333333,62.80555556,879.6944444,87.27777778,274.6111111,818.7222222
Cell_310,276.8333333,97.52777778,71.08333333,845.8611111,354.75,218.5,136.25,266.3333333,278.2777778,288.3888889,265.9166667,1826.944444,376.8055556,2.166666667,89.19444444,1033.944444,19.27777778,107.7222222,1027.888889
Cell_311,268.9722222,101.0277778,74.44444444,648.9444444,343.8611111,208.8055556,135.0555556,261.1944444,272.1388889,277.6944444,261.1944444,1779.166667,354.5833333,9.166666667,85.97222222,995.5833333,37.08333333,177.2222222,995.5833333
Cell_314,260.0555556,99.75,81.05555556,563.3333333,325.3055556,203,122.3055556,255.5555556,257.7222222,267.5555556,254.1388889,1457.166667,265.6944444,20.61111111,69.30555556,745,84.52777778,230.4444444,207
Cell_358,215.0833333,102.1666667,88.11111111,331.2777778,275.5277778,160.1111111,115.4166667,212.25,216.5,218.9444444,210.4722222,3708.583333,414.5,174.8333333,28.44444444,1132.361111,579.8611111,772.4722222,1030.861111
Cell_359,205.7222222,96.5,89.25,343.1388889,260.6666667,153.1111111,107.5555556,202.5277778,204.5277778,209.4166667,200.6111111,2654.055556,353.4722222,92.86111111,37.33333333,906.9444444,350.0555556,688.3333333,758.0277778
Cell_360,250.9722222,97.75,88.77777778,288.25,307.3333333,197.75,109.5833333,247.9444444,251.6388889,253.75,246.8611111,2544.111111,358.25,78.16666667,39.97222222,877.2222222,337.4444444,539.5,809.1666667
Cell_362,177.9444444,100.4444444,79.63888889,537.4166667,244.7777778,119.4722222,125.3055556,174.2222222,180.5,184.6111111,170.75,2265.361111,341.4166667,24.91666667,55.36111111,925.1388889,135.8611111,367.75,846.5555556
Cell_363,265.2777778,98.38888889,77.41666667,763.2777778,337.0555556,210.8333333,126.2222222,255.1111111,270.1944444,274.9166667,254.6388889,2238.972222,359.5,15.75,62.11111111,952.1111111,93.77777778,301.5833333,947.3611111
Cell_364,271.0833333,93.11111111,71.61111111,839.9166667,344.7777778,215.5555556,129.2222222,259.7777778,275.8055556,282.0555556,259.7777778,2120.611111,344.25,8.416666667,66.69444444,950.1111111,62.08333333,280.3888889,950.1111111
Cell_366,280.9444444,96.58333333,71.94444444,962.5277778,358.3611111,224.9444444,133.4166667,268.3055556,287.0833333,294.0277778,268.1111111,2231.166667,397.0277778,14.5,74.11111111,1122.694444,74.47222222,221.5,1122.083333
Cell_367,270.2222222,103.25,72.97222222,919.5,351.0833333,210.5833333,140.5,258.1111111,278.3611111,282.7777778,257.9444444,2365.527778,428.6944444,15.83333333,75.86111111,1214.861111,80.61111111,214.8888889,1214.388889
Cell_376,264.3333333,74.11111111,79.52777778,510.5,314.6944444,221.9722222,92.72222222,262.4722222,268.8333333,271.4166667,258.1388889,1979.944444,271.6111111,92.05555556,37.02777778,753.9444444,320.6944444,322.8611111,400.9166667
Cell_414,NA,NA,NA,NA,NA,NA,NA,NA,NA,NA,NA,NA,NA,NA,NA,NA,NA,NA,NA
Cell_415,217.6111111,99.80555556,91.69444444,251.1111111,273.2222222,164.8611111,108.3611111,214.8888889,218.2222222,219.9166667,213.6388889,4121.194444,475.1666667,237.4444444,23.58333333,1289.027778,780.75,965.3611111,1225.25
Cell_416,189.5277778,93.36111111,88.08333333,299.5833333,244.4444444,138.8333333,105.6111111,186.3055556,189.75,192.0277778,184.8333333,2298.861111,308.25,102.4444444,34.11111111,777.5277778,380.7777778,547.3888889,727.3611111
Cell_417,174.5833333,94.5,83.72222222,325.6666667,231.0555556,118.1388889,112.9166667,173.3333333,173.9722222,178.4444444,170.1666667,1571.833333,219.1111111,59.63888889,38.77777778,542.2222222,232,464.4166667,471
Cell_418,172.2222222,96.08333333,78.5,572.7777778,236.4722222,114.9722222,121.5,168.3055556,174.3611111,179.25,164.4444444,2172.944444,331.9722222,25.88888889,52.66666667,905.4166667,143.7222222,309.5,864.5
Cell_420,267.9166667,94.22222222,73.36111111,918.5277778,342.3611111,214.5555556,127.8055556,256.6111111,274.8055556,279.6111111,255.6111111,2012.861111,289.7777778,15.19444444,59.36111111,811.6388889,77.19444444,197.2777778,809.3888889
Cell_431,223.0277778,95.80555556,82.83333333,414.2777778,283.1944444,168.3055556,114.8888889,221.0555556,223.1666667,228.25,217.8888889,1845.777778,295.2222222,68.5,49.55555556,811.3888889,250.25,292.75,337.9166667
Cell_432,254.6944444,85.05555556,80.16666667,558.3333333,309.25,203.75,105.5,254.3055556,261.4166667,261.5833333,247.1388889,2754.305556,418.6388889,93.11111111,42.69444444,1118.638889,349.6111111,405.75,580.6944444
Cell_433,265.8888889,87.47222222,78.19444444,621.0833333,325.3611111,214.0555556,111.3055556,264.7222222,274.1666667,274.1666667,257.9166667,2432.25,365.25,90.5,42.97222222,1004.027778,333.6666667,333.6666667,485.8611111
Cell_434,269.5833333,87.80555556,78.66666667,616.25,330.0833333,219.1111111,110.9722222,267.2777778,278.3055556,278.3055556,262.1666667,2162.166667,323.4444444,71.47222222,44.52777778,899.5833333,257.75,257.75,459.9444444
Cell_435,269.0833333,84.44444444,77.80555556,639.4722222,329.3888889,221.5277778,107.8611111,266.3055556,278.1111111,278.1111111,261.5555556,2205.833333,335.0555556,80.97222222,43.22222222,892.5,270.5555556,275.0833333,480.75
Cell_436,265.3333333,83.5,76.25,663.9444444,327.8611111,218.9444444,108.9166667,262.6666667,274.5555556,274.5555556,257.3611111,2257.833333,319.9444444,81.22222222,39.36111111,863.6111111,284.25,287.3333333,533.3611111
Cell_438,NA,NA,NA,NA,NA,NA,NA,NA,NA,NA,NA,NA,NA,NA,NA,NA,NA,NA,NA
Cell_472,190.9166667,101.8333333,91.52777778,264.2222222,247.9166667,137.25,110.6666667,187.5555556,191.3055556,193.1388889,186.6944444,1726.75,231.9166667,82.69444444,33.86111111,582.3055556,294.5555556,431.6111111,572.3055556
Cell_473,218.8611111,100.3333333,87,369.6111111,280.5833333,165.4444444,115.1388889,216.1944444,220.7222222,222.8055556,213.6388889,1713.333333,234.8888889,64.16666667,40.11111111,594.8055556,247.8055556,333.9166667,564.1388889
Cell_474,155,90.47222222,83.38888889,344.5277778,209.8055556,101.7222222,108.0833333,153.4166667,154.8333333,159.3611111,150.5,1890.388889,247.6666667,54.72222222,39.16666667,682.8055556,220.7777778,441.3888889,602.0277778
Cell_475,254.7777778,94.58333333,76.33333333,806.0833333,324.3611111,201.1666667,123.1944444,247.3333333,261.4444444,265.8611111,244.1388889,3013.694444,427.5277778,31.77777778,54.05555556,1207.222222,182.4444444,272.6388889,1123.861111
Cell_477,266.5555556,92.38888889,71.16666667,942.3333333,342.75,213.8333333,128.9166667,256.3055556,273.6111111,278.7777778,253.9444444,2368.305556,382.75,15.19444444,59.77777778,988.3055556,110.0277778,194.3333333,958.4444444
Cell_487,250.9444444,108.1944444,87.80555556,414.4166667,313.8888889,191.25,122.6388889,245.9444444,251.2222222,254.3055556,244.4166667,1588.305556,270.0833333,35.11111111,62.30555556,749,148.0833333,316.6944444,728.2222222
Cell_489,263.0277778,89.80555556,80.30555556,542.2222222,322.7777778,211.4722222,111.3055556,259.1111111,269.4444444,270.6666667,257.3888889,1680.583333,331.0277778,42.94444444,67.38888889,844.2777778,164.8611111,177.7222222,460.2222222
Cell_494,256.9166667,87.05555556,77.16666667,597.6944444,322.1666667,210.1388889,112.0277778,255.0555556,264.8611111,264.8611111,249.2777778,2461.027778,355.8333333,77.11111111,41.27777778,954.0555556,270.0277778,278.6388889,657.9166667
Cell_496,255.75,88,73.88888889,439,321.3055556,202.8888889,118.4166667,253.9166667,261.1666667,261.25,250.3055556,3506.277778,540.8888889,74.88888889,49.80555556,1357.111111,294.9722222,298.4722222,1121.583333
Cell_529,164.2777778,102.25,89.83333333,216.9722222,222.3888889,109,113.3888889,162.1944444,164.1944444,166.2777778,161.1388889,1840.944444,239.4166667,75.69444444,33.22222222,623.5833333,281.8055556,484.3055556,573
Cell_530,216.7222222,97.33333333,86.86111111,340.8888889,275.6944444,164.0833333,111.6111111,212.9444444,217.8888889,220.25,212.0555556,1786.916667,253.4444444,60.80555556,41.11111111,652.5833333,221.3055556,303.0555556,622.9722222
Cell_531,225.6944444,95.30555556,83.19444444,469.4166667,284.75,170.5,114.25,222.8333333,228.4722222,231.7222222,219.1111111,2566.666667,325.4444444,58.97222222,38.61111111,914.25,276.2222222,356.2777778,814.7777778
Cell_532,268.1388889,95.11111111,74.36111111,856.75,338.9444444,211.8611111,127.0833333,261.4166667,275.8333333,280.0833333,256.75,2680.638889,355.5833333,30.36111111,49.02777778,1015.472222,200,237.0833333,972.25
Cell_533,272.1944444,92.11111111,69.97222222,1050.611111,348.8333333,218.1944444,130.6388889,263.3611111,282.0833333,287.0277778,258.6111111,2492.722222,354.7777778,22.44444444,54.58333333,1014.611111,166,179.8611111,1002.555556
Cell_543,258.9444444,106.5555556,88.66666667,438.5277778,319.9166667,200.4166667,119.5,253.1111111,260.3333333,262.0555556,251.6388889,1922.833333,329.8611111,56.36111111,56.77777778,891.3611111,232.8611111,300.1666667,788.7777778
Cell_544,269.8333333,102.9722222,85.72222222,547.9444444,330.4166667,210.9444444,119.4722222,262.6666667,271.9722222,274.3055556,260.8333333,1618.611111,320.5555556,27.16666667,76.5,882.3333333,111.8611111,180.6388889,808.6388889
Cell_545,272.8333333,94.75,83.08333333,626.8333333,331.3611111,217.9166667,113.4444444,264.6944444,273.8888889,279.3333333,262.9722222,1513.361111,335.4166667,20.19444444,86.83333333,882.3333333,69.5,183.7222222,842.75
Cell_546,266.75,91.58333333,80.41666667,621.25,328.8611111,215.5833333,113.2777778,259.75,270.8611111,275.3055556,259.1111111,1520.861111,331.4166667,34.16666667,80.16666667,852.8888889,119,149.8333333,782.75
Cell_588,256.8055556,102.8611111,81.25,594.2222222,322.3055556,196.4722222,125.8333333,253.4722222,261.4166667,263.7777778,247.8333333,2564.888889,319.2777778,69.05555556,37.61111111,920.3055556,283.9444444,367.0833333,803.1666667
Cell_589,268.9722222,95.13888889,72.75,897.7222222,338.0833333,208.1388889,129.9444444,261.6388889,277.6944444,281.1111111,256.6944444,2426.583333,320.3333333,33.11111111,46.80555556,927.2222222,211.6944444,230.3888889,896.9166667
Cell_590,273.25,91.5,69.75,1030.5,345.8611111,215.3888889,130.4722222,265.8611111,286.6388889,287.8888889,259.9722222,2557.888889,356.75,34.13888889,47.75,1000.138889,234.1111111,234.8888889,987.5277778
Cell_601,269.75,100.5833333,84.66666667,541.75,329.6388889,211.4166667,118.2222222,262.3333333,272.5277778,274.8611111,261.25,1730.194444,317.8333333,38.69444444,73.91666667,905.9722222,133.5555556,179.2777778,856.4722222
Cell_602,268.2222222,96.5,83.61111111,585.2777778,326.6666667,211.7777778,114.8888889,260.3888889,269.6944444,274.5555556,259.3888889,1709.416667,350.6111111,35.61111111,78.13888889,949.4722222,116.8611111,196.6111111,859.6388889
Cell_603,265.3888889,94.63888889,81.27777778,594.3333333,327.7777778,212.0277778,115.75,258.3055556,269.5277778,273.4722222,258.0833333,1690.166667,334.0277778,49.66666667,70.88888889,884.25,160.5,186.3611111,832.75
Cell_606,257.6111111,102,78.16666667,660.9722222,334.1388889,204.3055556,129.8333333,253.1944444,267.1388889,267.1388889,250.75,1901.888889,391.3888889,41.47222222,63.22222222,902.4444444,160.6666667,168.1111111,451.2222222
Cell_611,261.0277778,85.77777778,74.30555556,562.9166667,326.4722222,211.6944444,114.7777778,257.1388889,267.9444444,268.1666667,253.6944444,3148.722222,474.1388889,37.91666667,61.61111111,1326.277778,160.2777778,173.9722222,1244.222222
Cell_668,263.8888889,81.19444444,77.63888889,594.3055556,324.5833333,220.6388889,103.9444444,258.5277778,271.1666667,271.4722222,256.0277778,2401.75,353.0555556,34.02777778,59.25,1012.333333,126.5833333,169.7777778,944.8888889
Cell_697,226.6111111,89.05555556,81.80555556,527.9444444,282.3333333,174.2222222,108.1111111,232.75,221.5277778,233.5833333,221,2556.472222,441.4166667,57.36111111,66.94444444,1227.138889,208.4166667,1173.472222,276.4166667
Cell_725,268.9444444,79,79.41666667,586.9444444,326.2777778,227.2222222,99.05555556,263.0555556,275.9444444,276.4722222,261.1666667,2373.361111,374.3611111,32.97222222,60.88888889,1040.888889,135.4444444,163.7777778,961.2777778
Cell_756,237.3333333,100.0555556,87.72222222,429.1388889,295.4166667,181.9722222,113.4444444,233.3333333,238.8888889,241.7222222,230.6944444,3393.972222,377.8888889,193.8611111,20.13888889,1073.194444,664.8888889,843.5555556,939.8055556
Cell_784,271.9166667,81.30555556,84.22222222,473.1944444,323.7222222,227.7777778,95.94444444,266.8333333,277.5833333,277.5833333,265.0833333,2613.666667,438.4166667,28.02777778,69.25,1273.555556,111.2777778,146.3611111,1192.305556
Cell_785,NA,NA,NA,NA,NA,NA,NA,NA,NA,NA,NA,NA,NA,NA,NA,NA,NA,NA,NA
Cell_786,NA,NA,NA,NA,NA,NA,NA,NA,NA,NA,NA,NA,NA,NA,NA,NA,NA,NA,NA
Cell_810,246.6388889,94.38888889,78,881.0833333,305.8055556,185.4722222,120.3333333,255.9166667,237.1111111,257.3333333,235.3333333,913.1944444,239.5277778,2.166666667,116.9444444,628.3333333,10.55555556,607.9444444,22.38888889
Cell_811,179.3611111,95.16666667,81.25,590.75,237.4166667,121.0277778,116.3888889,184.8888889,171.9166667,185.9444444,171.3888889,1329.75,282.0833333,13.75,82.30555556,782.3333333,55.44444444,735.8611111,60.80555556
Cell_812,166.4166667,102.25,85.72222222,448.25,228.1666667,109.4722222,118.6944444,164.2222222,168.0555556,170.3888889,159.1666667,2475.694444,282.1666667,150.0833333,21.02777778,769.3888889,484.5277778,556.1666667,699.9166667
Cell_842,266.8055556,97.08333333,87.44444444,285.5,324.75,214.4166667,110.3333333,263.7777778,269.75,269.8611111,262.3333333,2393.416667,410.0833333,70.72222222,59.5,1097.333333,235.7222222,239.9166667,1051.611111
Cell_867,NA,NA,NA,NA,NA,NA,NA,NA,NA,NA,NA,NA,NA,NA,NA,NA,NA,NA,NA
Cell_886,270.5,86.58333333,83.97222222,388.1388889,325.6388889,223.0277778,102.6111111,266.5833333,274.3333333,275.7222222,266.4444444,2476.805556,324.0277778,87.97222222,41.36111111,927.25,300,348.9444444,841.3888889
Cell_887,272.25,84.69444444,82.30555556,440.7222222,327.5277778,225.1388889,102.3888889,268.1111111,277.0833333,278.4166667,267.6111111,2345.277778,311.0277778,82.75,40.72222222,877.2222222,285.0277778,337.6111111,830.6666667
Cell_892,259.0555556,95.33333333,79.30555556,558.3888889,322.7222222,203.1111111,119.6111111,254.8055556,265.25,267.1388889,253.6944444,1969.055556,327.4444444,43.19444444,63.44444444,903.6388889,148.4166667,171.0555556,716.75
Cell_899,267.7777778,102.1666667,87.47222222,260.25,327.2777778,211.1388889,116.1388889,265.1111111,269.1111111,270.6111111,263.8055556,2273.694444,438.2777778,43.97222222,75.91666667,1201.416667,144.3888889,190.3055556,1127.583333
Cell_903,270.7777778,85,82.13888889,470.3888889,326.0555556,223.1666667,102.8888889,266.8333333,276.9722222,277.1944444,266.0833333,1764.861111,347.1388889,13.55555556,81.80555556,944.25,51.38888889,56.75,784.6944444
Cell_905,NA,NA,NA,NA,NA,NA,NA,NA,NA,NA,NA,NA,NA,NA,NA,NA,NA,NA,NA
Cell_924,NA,NA,NA,NA,NA,NA,NA,NA,NA,NA,NA,NA,NA,NA,NA,NA,NA,NA,NA
Cell_925,172.2777778,107.8611111,86.86111111,342.8333333,237.4722222,113.9166667,123.5555556,172.2777778,170.6111111,175.8055556,167,1251.944444,172.6666667,56.72222222,43.55555556,479.6944444,187.6666667,250.9166667,303.1388889
Cell_934,257.7222222,94.19444444,85,385.7777778,311.1111111,200.9722222,110.1388889,258.8888889,253.6388889,261.5277778,251.8055556,2754.416667,310.3055556,145.75,22.36111111,868.9444444,483.9722222,685.5555556,573.0833333
Cell_960,272.25,99.11111111,78.05555556,645.4444444,339.0833333,212.6944444,126.3888889,267.3611111,278.8055556,281.4722222,265.6111111,1675.388889,344.7777778,16.61111111,83.5,911.4166667,65.27777778,97,566.1111111
Cell_962,270.1944444,106.9722222,76.05555556,776.6666667,343,202.7222222,140.2777778,262.7777778,276.8888889,280.5,262.0555556,1550.944444,334.8611111,12.11111111,89.19444444,882.2222222,45.5,62.97222222,663.3333333
Cell_963,252.4166667,113.8333333,78.66666667,752.2222222,328.3055556,184.3333333,143.9722222,245.8333333,257.3611111,261.75,243.5555556,1110.805556,276.0277778,3.638888889,105.3611111,718.5833333,14.61111111,60.30555556,658.75
Cell_964,265.25,109.4166667,79.41666667,721.9444444,337.8333333,200.9722222,136.8611111,259.25,269.5,273.75,256.0555556,866.8333333,230.8888889,1.305555556,113.2222222,587.8055556,6.083333333,44.30555556,463.9444444
Cell_965,NA,NA,NA,NA,NA,NA,NA,NA,NA,NA,NA,NA,NA,NA,NA,NA,NA,NA,NA
Cell_996,264.5277778,90.75,82.44444444,281.8888889,320.4722222,211.1111111,109.3611111,263.9722222,261.6666667,267.8333333,260.75,2626.194444,333.9166667,89.86111111,38.33333333,930.1388889,309.2777778,532.6666667,447.8888889
Cell_998,263.2222222,89.66666667,82.44444444,312.8888889,320.3611111,212.3611111,108,260.2777778,263.4444444,267.6388889,260.0833333,2417.472222,302.5,80.19444444,41.58333333,869.2222222,268.3888889,366.5,852.6111111
Cell_1012,268.3055556,101.3333333,83.52777778,295.5555556,330.6388889,209.9444444,120.6944444,265.8055556,270.9166667,271.75,264.3055556,2105.083333,398.6944444,19.77777778,79.47222222,1103.694444,81.33333333,94.97222222,1053.666667
Cell_1014,258.4166667,114.0277778,77.38888889,368.5833333,331.3333333,184.5555556,146.7777778,256.9166667,258.5833333,263.2222222,253.8333333,1345.111111,287.2777778,9.805555556,83.58333333,753.7777778,50.75,145.3333333,126
Cell_1018,272.3611111,112,71.69444444,972.9444444,355.4166667,200.25,155.1666667,264.6666667,278.3888889,286.6111111,262.5277778,1479.555556,324.8888889,7.777777778,90.72222222,868.8611111,37.86111111,96,426.2222222
Cell_1019,266.1388889,116.6944444,71.55555556,998.1944444,351.8055556,189.8055556,162,257.6111111,268.25,280.6388889,256.6666667,1380.777778,334.6388889,6.361111111,96.44444444,839.6388889,31.77777778,72.16666667,478.3611111
Cell_1020,248.5833333,112.6111111,75.36111111,839.6944444,326.1944444,177.5,148.6944444,242.5,251.5833333,259.1944444,238.9722222,918.25,240.8055556,2.583333333,105.9166667,602.5277778,12.44444444,53.88888889,231.75
Cell_1068,254.9722222,107.8333333,81.41666667,314.6111111,323.0277778,191.3333333,131.6944444,252.5555556,256.1944444,258.9166667,250.8055556,1899.972222,316.6388889,20.05555556,66.58333333,877.8888889,90.69444444,218.4722222,829.9444444
Cell_1070,261.3333333,110.9722222,75.66666667,302.9166667,334.2222222,188.1944444,146.0277778,258.4444444,260.2777778,265.0277778,257.8055556,1652.305556,298.75,18.55555556,72.38888889,827.3333333,66.11111111,158.25,512.75
Cell_1078,249.0277778,98.66666667,76.88888889,863.3055556,315.4722222,187.8333333,127.6388889,244.4722222,254.0833333,259.5277778,237.8611111,658.5277778,171.75,4.472222222,102.2222222,424.0833333,17.19444444,53.91666667,123.8611111
Cell_1079,268.6111111,99.41666667,76.02777778,929.8611111,337.1111111,207.0277778,130.0833333,262.3888889,274.5,279.8055556,256.3888889,803.1666667,199.3611111,4.638888889,97.97222222,498.3055556,21.25,63.47222222,192.1944444
Cell_1080,265.6944444,102.5277778,78.44444444,774.4444444,332.9166667,202.9722222,129.9444444,263.9166667,269.2777778,274.8055556,255.1666667,812.9444444,214.2777778,3.111111111,105.1388889,524.6666667,11.86111111,73,175.9444444
Cell_1081,269.3888889,97.52777778,76.94444444,892.1666667,334.1944444,208.2222222,125.9722222,271.9166667,271.5,279.0833333,256.0833333,714.6944444,187.75,2.583333333,106.2777778,470.4444444,10.44444444,107.3055556,79
Cell_1082,250.2777778,90.33333333,74.63888889,1072.444444,310.6388889,190.25,120.3888889,255.0555556,252.1111111,261.4166667,234,549.75,133,2.722222222,95.19444444,331.6944444,13.16666667,127.75,100.0555556
Cell_1083,NA,NA,NA,NA,NA,NA,NA,NA,NA,NA,NA,NA,NA,NA,NA,NA,NA,NA,NA
Cell_1097,126.4722222,138.2777778,83.55555556,601.6388889,202.2777778,37.69444444,164.5833333,129.9444444,116.8611111,132.0555556,116.8611111,1002.277778,152.1944444,26.52777778,48.5,381.8333333,85.13888889,331.3888889,85.13888889
Cell_1125,252.6388889,117.8333333,78.69444444,294.3888889,328.8055556,179.8055556,149,250.2222222,253.0833333,256.3888889,248.9166667,1848.222222,289.4166667,18.11111111,62.27777778,774.3611111,80.36111111,273.75,747.2777778
Cell_1127,257.3333333,113.9444444,74.75,340.1666667,334.0277778,182.3055556,151.7222222,254.1944444,258.0833333,261.6388889,253.6944444,1682.25,282.9166667,16.02777778,66.47222222,786.5555556,68.5,168.1666667,645.5
Cell_1128,254.3333333,117.5833333,71.77777778,422.4444444,335.3611111,172.5555556,162.8055556,251.8333333,253.6666667,259.9166667,249.6111111,1500.416667,251.25,12.47222222,68.77777778,708.8611111,53,153.0277778,298.3333333
Cell_1129,252.0277778,120.0555556,71.86111111,566.6388889,335.9722222,169.8611111,166.1111111,248.8055556,251.3333333,260.3611111,245.8888889,1248.333333,218.8611111,8.694444444,73.5,607.9722222,34.77777778,127.25,181.1944444
Cell_1130,258.6388889,115.8333333,72.36111111,760.6944444,339.1111111,180.4444444,158.6666667,253.8333333,258,269.8055556,250.2222222,1199.166667,210.1388889,7.444444444,73.97222222,580.0833333,28.11111111,120.0555556,207.3611111
Cell_1132,270.5833333,111,74.33333333,893.1388889,349.6944444,201.2222222,148.4722222,263.6388889,270.6111111,282.9166667,260.4166667,1073.083333,211.6388889,2.111111111,82,561.8333333,18.52777778,97.11111111,362.3888889
Cell_1133,263.3055556,117.5833333,74.16666667,941.5833333,344.9166667,187.5,157.4166667,259,260.6388889,275.8888889,252.5555556,989.4722222,208.3611111,1.416666667,88.44444444,548.6666667,12.25,136.6111111,151.2222222
Cell_1134,250.2777778,109.4166667,73.58333333,1026.166667,327.1111111,179.1944444,147.9166667,245.5555556,248.25,263.5555556,237.5277778,746.3611111,181.4166667,1.555555556,98.02777778,451.8611111,10.19444444,84.11111111,45.72222222
Cell_1136,258.0277778,104.6388889,72.55555556,1136.194444,332.6388889,189.3611111,143.2777778,254.2777778,255.0833333,272.1666667,243.25,931.6666667,229.5555556,5.611111111,98.38888889,588.5,26.58333333,101.9444444,118.6666667
Cell_1137,256.0833333,102.8333333,73.61111111,1082.805556,327.0277778,188.1111111,138.9166667,257.9166667,255.0555556,268.4166667,240.6111111,898.0277778,231.4722222,4.666666667,102.9722222,588.3055556,19.86111111,122.9166667,98.88888889
Cell_1138,251.3888889,93.41666667,73.94444444,1142.972222,317.6388889,192,125.6388889,258.3055556,246.0555556,263.1944444,233.8333333,682.8611111,190,2.111111111,111.8611111,480.8333333,9.222222222,164.1666667,49.66666667
Cell_1139,231.1944444,92.69444444,73.33333333,1166.222222,297.3611111,171.7777778,125.5833333,235.5,234.2222222,243.3055556,213.5277778,560.7222222,122.0277778,5.722222222,86.19444444,305,23.58333333,132.4722222,134
Cell_1140,NA,NA,NA,NA,NA,NA,NA,NA,NA,NA,NA,NA,NA,NA,NA,NA,NA,NA,NA
Cell_1185,262.5833333,115.0555556,72.47222222,486.3611111,342.5,184.8888889,157.6111111,258.8333333,265.8333333,269.4722222,258.3055556,1487.277778,246.8333333,5.083333333,73.02777778,695.6388889,29,88.75,577.6944444
Cell_1187,259.4444444,118.3055556,73.30555556,733.5,341.0555556,180.5833333,160.4722222,254.6666667,259.6111111,270.3333333,251.5833333,1076.638889,184.5555556,1.75,78.86111111,512.8888889,9.805555556,98.86111111,167.4722222
Cell_1193,236.6111111,104.8888889,69.75,1381.138889,311.9166667,162.5277778,149.3888889,242.1111111,226.9444444,251.5277778,216.3611111,728.9444444,178.5555556,4.333333333,92.55555556,436.4722222,23.27777778,184.5555556,46.63888889
Cell_1194,233.3888889,99.08333333,68.41666667,1555.694444,306.1666667,162.6111111,143.5555556,242.7222222,226.5277778,248.7777778,209.75,778.3055556,184.1388889,6.833333333,88.16666667,463.4444444,27.55555556,190.3333333,70.41666667
Cell_1195,224.75,91.97222222,68.61111111,1507.944444,295.0833333,162.0555556,133.0277778,235.2777778,222.3888889,239.3611111,201.9166667,620.2777778,148.5,6.694444444,89.19444444,368.6111111,24.63888889,165.1944444,86.86111111
Cell_1196,228,91.19444444,69.52777778,1375.916667,296.6388889,166.3333333,130.3055556,231.8888889,230.25,242.1944444,207.3055556,534.1666667,100.5277778,7.083333333,73.27777778,259.5,28.91666667,167.0555556,154.9444444
Cell_1197,NA,NA,NA,NA,NA,NA,NA,NA,NA,NA,NA,NA,NA,NA,NA,NA,NA,NA,NA
Cell_1215,262.5277778,111.0555556,78.19444444,541.7222222,331.2222222,189.8333333,141.3888889,264.0277778,254.8333333,267.3611111,254.1388889,1724.861111,230.9444444,53.33333333,40.05555556,608.5,195.3333333,505.0277778,237.1388889
Cell_1225,260.4722222,103.6111111,73.36111111,591.6388889,328.7222222,188.3333333,140.3888889,259.1388889,257.6666667,267.5277778,252.8611111,2084.361111,304.1666667,22.13888889,59.52777778,888.4722222,102.4444444,316.0555556,187.1666667
Cell_1247,265.0277778,136,77.97222222,965.7777778,349.0555556,175.8055556,173.25,268.9722222,251.4166667,275.0833333,250.1111111,637.3611111,134.8333333,0.222222222,88.94444444,331.8333333,6.944444444,194.9444444,7.25
Cell_1248,252.3333333,130.3888889,76.80555556,1169.694444,333.9444444,165.3055556,168.6388889,258,237.0555556,263.8611111,234,524.6666667,122.0277778,0.888888889,90.13888889,284.3888889,6.638888889,150.1388889,8.527777778
Cell_1249,245.2222222,124.7777778,74.80555556,1467.388889,326.3055556,160.4444444,165.8611111,254.75,228.1944444,259.25,222.8333333,513.1666667,119,2.416666667,87.30555556,280.8888889,12.05555556,193.5,18.66666667
Cell_1250,243.5,109.3611111,70.25,1549.194444,323,168.4722222,154.5277778,254.0833333,234.25,258.7777778,220.3333333,494.9166667,121.4444444,3.694444444,89.86111111,284.3611111,15.11111111,182.6111111,31.41666667
Cell_1251,237.7777778,100.1388889,67.36111111,1816.833333,313.5277778,166.1388889,147.3888889,248.25,230.3888889,255.1111111,210.3333333,518.3888889,110.6388889,7.25,72.25,257.8611111,29.36111111,201.9166667,77.44444444
Cell_1252,227.1111111,92.27777778,66.27777778,1741.416667,300.1944444,161.8611111,138.3333333,227.5277778,228.2777778,243.9166667,200.75,634.6111111,105.1944444,12.77777778,58.72222222,280.8055556,48.5,169.3333333,171.8055556
Cell_1253,220.2222222,86.08333333,68.55555556,1421.305556,286.9444444,162.25,124.6944444,208.3333333,228.2222222,234,198.75,1090.5,179.2222222,22.75,58.83333333,494.2222222,90.36111111,178.6111111,433.0833333
Cell_1254,NA,NA,NA,NA,NA,NA,NA,NA,NA,NA,NA,NA,NA,NA,NA,NA,NA,NA,NA
Cell_1281,262.3333333,106.9444444,74.30555556,589.1666667,334.3055556,191.3055556,143,260.1111111,257.6666667,269.5,255.4166667,1719.527778,271.3888889,16.16666667,62.02777778,741.8888889,74.63888889,376.2222222,133.5277778
Cell_1283,254.4444444,112.25,71.08333333,531.6111111,331.8055556,175.0833333,156.7222222,252.9722222,250.0555556,261,246.8611111,2267.472222,356.75,16.08333333,63.77777778,1004.138889,72.44444444,324.6388889,167.2222222
Cell_1297,265.8611111,122.1111111,72.5,441.9444444,348.25,180.7777778,167.4722222,265.9722222,263.0833333,271.0555556,259.6944444,2128.361111,354.3888889,5.416666667,75.66666667,1008.833333,28.52777778,273.1111111,69.69444444
Cell_1303,256.4444444,138.7222222,78.16666667,771,342.1111111,165.6666667,176.4444444,259,244.8888889,264.5277778,244.6666667,714.0833333,131.1666667,0.416666667,87.69444444,362.4722222,3.083333333,147.5277778,5.638888889
Cell_1304,262,126.8888889,77.5,905.8333333,340.5833333,177.8611111,162.7222222,265.6944444,248.1666667,271.1944444,247.9444444,621.4166667,122.8611111,0.194444444,89.27777778,319.3611111,3.138888889,171.8333333,3.583333333
Cell_1305,242.9444444,127.6111111,76.75,1205.277778,322.4166667,157.3055556,165.1111111,251.8055556,226.1111111,253.5277778,223.9166667,495.2777778,106.5,0.555555556,90.05555556,258.3055556,4.666666667,187.3611111,5.777777778
Cell_1306,234.9444444,120.1666667,72.97222222,1602.861111,315.4444444,151.8888889,163.5555556,248.4166667,217.6944444,250.2222222,210.7777778,488.1944444,94.30555556,5.694444444,73.97222222,231.5555556,23.66666667,221.4722222,35.52777778
Cell_1307,231.75,113.0833333,70.38888889,1748.777778,312.9444444,153.5833333,159.3611111,244.3888889,221.1111111,249.1111111,205.8333333,506.5833333,89.05555556,11.02777778,57.69444444,218.3333333,41.77777778,203.8611111,72.80555556
Cell_1308,240.4444444,97.69444444,67.13888889,1742.694444,313.5277778,169.2777778,144.25,238.5277778,241.9444444,257.4166667,214.4444444,593.7777778,81.88888889,14.55555556,43.75,227.3333333,62.44444444,150.1944444,170.9722222
Cell_1309,246.25,89.30555556,65.25,1753.25,316,180.5,135.5,230.8611111,253.8611111,263.9166667,220.3611111,686.7222222,112.9722222,15.80555556,58.91666667,318.6666667,63.22222222,125.4722222,256.6388889
Cell_1310,NA,NA,NA,NA,NA,NA,NA,NA,NA,NA,NA,NA,NA,NA,NA,NA,NA,NA,NA
Cell_1335,257.5,105.5833333,69.86111111,895.75,328.1111111,177.8333333,150.2777778,262.2777778,245.6388889,265.1944444,242.6111111,1819.222222,270.6666667,31.58333333,56.88888889,771.0277778,110.5833333,455.25,152.1388889
Cell_1337,264.4166667,111.6944444,70.19444444,743.5555556,340.3611111,182.3055556,158.0555556,266.1944444,254.6388889,272.5277778,253.1944444,1688.444444,262.8888889,16.58333333,63.25,747.7222222,74.77777778,400.6666667,126.9166667
Cell_1349,250.0833333,146.2222222,68.52777778,671.8888889,355.9722222,143.9166667,212.0555556,248.0555556,242.6944444,256.8333333,240.9722222,2260.527778,377.5555556,2.694444444,75.13888889,1077,23.41666667,600.8055556,57.05555556
Cell_1356,253.7222222,126.9444444,70.63888889,681.8055556,341.3055556,162.9444444,178.3611111,251.1111111,249.0833333,263.1944444,245.5,1504.138889,255.6111111,1.527777778,79.44444444,738.25,10.75,165.75,40.22222222
Cell_1357,239.4166667,134.4722222,71.55555556,750.9166667,331.6111111,144.9444444,186.6666667,238.4444444,232.1111111,249.1111111,229.1944444,1295.527778,216.25,0.305555556,80.86111111,635.0555556,5.055555556,238.2777778,26.72222222
Cell_1358,240.6111111,148.3055556,69.02777778,1055.333333,342.1111111,128.6388889,213.4722222,244.4444444,225.4444444,252.9166667,225.1944444,1011.111111,173.3888889,0.388888889,83.86111111,502.5555556,3.555555556,258.8611111,9.527777778
Cell_1360,252.0555556,138.5277778,77.97222222,797.3055556,335.5,158.6666667,176.8333333,257.6111111,239.4444444,259.4722222,239.3055556,754.3055556,133.0833333,0.25,86.86111111,376,3.5,304.0833333,3.75
Cell_1361,247.4166667,130.75,74.08333333,1109,330.6944444,155.3055556,175.3888889,253.7777778,230.8333333,258.2222222,230.6111111,623.5833333,113,0.694444444,88.30555556,319,3.944444444,167.6111111,4.916666667
Cell_1362,223.9722222,111.6111111,73.41666667,1344.416667,296.6111111,145.3055556,151.3055556,234.5277778,205.9722222,235.8888889,203.1944444,544.3333333,103,3.888888889,80.88888889,273.1388889,16.30555556,230.3055556,20.30555556
Cell_1363,232.7777778,107.75,71.08333333,1570.305556,309.4722222,158.9166667,150.5555556,245.6111111,226.2777778,248.1944444,209.1944444,699.8055556,100.0833333,17.19444444,43.41666667,256.1388889,75.5,246.3333333,125.7222222
Cell_1364,237.2222222,114.1666667,71.02777778,1702.027778,319.3611111,159.8333333,159.5277778,242.3333333,229.3055556,254.5555556,212.2777778,586.6111111,79.47222222,17.19444444,37.22222222,209.4722222,71.75,176.7222222,134.5
Cell_1365,235.6944444,98.47222222,68.83333333,1598,308.3888889,166.5277778,141.8611111,226.6666667,238.6666667,252.4444444,212.5555556,795.1111111,114.4444444,28.47222222,42.52777778,312.4444444,106.6111111,172.75,256.25
Cell_1366,NA,NA,NA,NA,NA,NA,NA,NA,NA,NA,NA,NA,NA,NA,NA,NA,NA,NA,NA
Cell_1412,259.9722222,123.75,67.75,725.8333333,348.75,167.5,181.25,258.9444444,255.6666667,269.2777778,249.8055556,1534.138889,278.4444444,1.805555556,82.44444444,769.0277778,12.44444444,177.8055556,29.91666667
Cell_1413,256.7222222,123.6388889,70.05555556,731.4444444,343.5,168.0277778,175.4722222,254.8055556,253.1388889,266.8333333,247.5277778,1517.138889,278.1944444,2.666666667,83.83333333,779.3333333,12.33333333,162.0277778,31.02777778
Cell_1414,242.3055556,124.2222222,73.41666667,721.6944444,326.9444444,158.7777778,168.1666667,240.3888889,238.5555556,252.4444444,233.5,1569.861111,274.1388889,1.527777778,83.19444444,771.6111111,6.305555556,175.5833333,35.13888889
Cell_1415,239.4722222,140.9722222,70.69444444,960,335.4722222,137.2777778,198.1944444,241.9166667,228.0277778,251.3055556,225.8888889,1142.694444,209.0555556,0.805555556,83.5,554.3333333,5.111111111,273.5,18.27777778
Cell_1417,248.0555556,138.4166667,72.75,1019.444444,338.9722222,149.8055556,189.1666667,252.75,234.0277778,260.1944444,233.7777778,823.1944444,155.4166667,0.277777778,87.38888889,433.8888889,3.305555556,223.5277778,8.111111111
Cell_1418,219.4722222,127,72.41666667,1130.861111,302.9444444,128.5277778,174.4166667,226.3055556,203.3333333,230.5277778,202.6111111,676.8055556,128.4166667,1.777777778,85.02777778,363.25,10.22222222,201,13.33333333
Cell_1419,211.5555556,107.5833333,72.30555556,1397.027778,283.5277778,135.5833333,147.9444444,222.3611111,200.6111111,224.3333333,190,717.5833333,108.1666667,17.05555556,53.58333333,293.8055556,68.88888889,258.5555556,98.41666667
Cell_1420,228.8611111,99.47222222,69.75,1556.972222,301.4444444,159.7777778,141.6666667,243.6111111,220,244.6666667,205.6111111,704.1111111,92.55555556,20.19444444,38.55555556,244.6111111,81.97222222,241.5555556,138.7777778
Cell_1421,231.9166667,90.55555556,67.44444444,1534.888889,300.4722222,167.4722222,133,239.7222222,221.5555556,248.2222222,209.5833333,703.25,83.5,27.66666667,30.13888889,228.3055556,99.61111111,196.6388889,163.1666667
Cell_1422,236.9444444,87.33333333,67.19444444,1482.5,303.3333333,174.4444444,128.8888889,233.3888889,238.5277778,252.7777778,215.6666667,1185.805556,183.1111111,50.44444444,40.66666667,474.4166667,179.75,238.3611111,365.3888889
Cell_1465,254,134.6111111,70.61111111,953.75,340.8611111,151.6666667,189.1944444,258.4444444,239.9166667,262.0277778,238.75,1654.416667,288.5,1.777777778,78.66666667,833.2777778,14.55555556,402.6666667,37.94444444
Cell_1469,254.0555556,119.1666667,68.19444444,776.1388889,337.8055556,164.1666667,173.6388889,254.0555556,247,262.75,242.2777778,1479.361111,277.6944444,2.333333333,85.86111111,776.0555556,11.80555556,157.4166667,22.80555556
Cell_1470,256.2777778,116.5555556,69.94444444,776.5833333,336.8611111,171.1944444,165.6666667,255.3611111,250.7777778,266.1944444,245.5833333,1471.722222,274.4444444,2.222222222,84.83333333,763.5277778,12.22222222,163.1666667,27.30555556
Cell_1471,245.5277778,114.4166667,73.5,769.0555556,323.3888889,168.5833333,154.8055556,243.7777778,241.0277778,256.3333333,236.1111111,1570.138889,295.0277778,2.138888889,84.16666667,807.3333333,11.13888889,163.3888889,31.11111111
Cell_1473,238.4444444,135.75,72.55555556,1031.611111,327.8055556,141.9166667,185.8888889,241.9722222,226.5555556,251.8888889,224.1111111,944.4722222,184.4166667,0.194444444,86.47222222,491.75,3.666666667,265.75,10.44444444
Cell_1474,247.2222222,132.8333333,73.61111111,1006.638889,334.25,154.9166667,179.3333333,250.75,235.25,260.3333333,233.3888889,815.2777778,165.4166667,0.611111111,88.75,442.5555556,4.055555556,223.7777778,11.5
Cell_1475,218.8888889,125.7777778,71.83333333,1107.138889,303.8055556,129.75,174.0555556,225.1666667,203.8333333,230.1666667,202.3888889,749.6111111,141.2777778,4.888888889,80.77777778,393.1666667,18.94444444,248.3333333,21.94444444
Cell_1476,217.9166667,112.2777778,72.91666667,1292.305556,291.5833333,138.5833333,153,227.5833333,203.8333333,229.4722222,197.8888889,818.9166667,135.1111111,17.22222222,57.61111111,349.0555556,67.72222222,296.7222222,80.75
Cell_1477,222.25,87.52777778,68.25,1414.722222,286.0555556,158.9722222,127.0833333,234.7777778,207.2222222,237.3055556,201.2222222,686.3333333,100.7777778,20.16666667,47.44444444,268.9166667,77.72222222,247.4722222,97.88888889
Cell_1478,NA,NA,NA,NA,NA,NA,NA,NA,NA,NA,NA,NA,NA,NA,NA,NA,NA,NA,NA
Cell_1507,260.2777778,113,71.25,1133.583333,335,177.4722222,157.5277778,267.1666667,243.3333333,270.3055556,242.9444444,1657.444444,287.6111111,39.22222222,57.13888889,733.1944444,158.0555556,472.2222222,188.3611111
Cell_1509,259.9722222,120.0833333,69.88888889,1090.638889,342.0555556,171.3888889,170.6666667,266.5277778,244.9166667,269.3333333,243.9166667,1589.916667,260.8333333,24.38888889,61.63888889,719.8333333,93.05555556,428.9166667,135
Cell_1513,235.8888889,131.6111111,70.77777778,982.4444444,319.7777778,135.1388889,184.6388889,241.6111111,222.1111111,244.3333333,220.1944444,1605.666667,284.5277778,13.38888889,69.27777778,759.5,61.63888889,375.6666667,99.83333333
Cell_1517,247.5555556,136.2222222,73.02777778,903.2222222,328.7222222,143.3888889,185.3333333,249.8611111,238.2222222,256.1111111,233.3055556,1927.5,347.7222222,5.527777778,76.72222222,954.5,43.05555556,449.6944444,62.08333333
Cell_1518,249,134.0833333,74.44444444,888.4722222,328.0555556,148.9444444,179.1111111,251.5277778,241.2777778,256.5,235.75,1875.277778,311.2222222,5.916666667,73.27777778,905.5277778,46.61111111,484.5555556,120.1111111
Cell_1522,251.5277778,133.7222222,70.75,1099.138889,335.9722222,148.1666667,187.8055556,256.8611111,235.3055556,260.6944444,234.0277778,1534.638889,267.6388889,2.472222222,78.5,756.0277778,13.27777778,405.3611111,39.05555556
Cell_1525,255.6388889,108.6111111,69.19444444,737.3333333,330.8888889,175.0555556,155.8333333,256.4166667,248.9444444,263.2777778,244.1944444,1730.194444,320.9444444,3.305555556,83.33333333,887.6944444,17.05555556,203.9444444,32.16666667
Cell_1526,246.3055556,107.3055556,68.83333333,757.2222222,321.0555556,166.1666667,154.8888889,246.4444444,239.9444444,254.7777778,234.8333333,1703.444444,309.6944444,3.166666667,82.52777778,867.1666667,16.61111111,219.5,31.47222222
Cell_1527,242.7222222,105.6111111,70.19444444,777.6388889,314.3611111,165.0555556,149.3055556,242.1388889,235.9166667,251.8055556,231.75,1495.305556,276.3333333,2.416666667,82.97222222,768.1666667,15.52777778,193.3055556,30.63888889
Cell_1528,240.6388889,114.5833333,71.61111111,867.5833333,315.1388889,156.1944444,158.9444444,241.6111111,233.1111111,250.2777778,227.8055556,1314.333333,265.6388889,2.027777778,83.41666667,685.0555556,14.22222222,167.3611111,28.58333333
Cell_1529,234.8333333,125.7222222,71.30555556,1071.583333,317.25,142.1111111,175.1388889,239.0555556,221.8055556,246.75,218.75,1029.611111,242.6944444,0.805555556,91.69444444,577,4.333333333,264.5833333,14.30555556
Cell_1530,240.0277778,127.6666667,71.61111111,1152.333333,323.6944444,146.6111111,177.0833333,245.25,224.1388889,252.8055556,223.1111111,847.9444444,191.8333333,0.333333333,92.13888889,481.1666667,2.027777778,236.5555556,7.361111111
Cell_1531,239.8055556,122.1111111,71.91666667,1153.083333,318.6388889,149.9444444,168.6944444,245.9166667,222.8055556,251.1666667,222.4166667,798.6111111,171.4166667,0.277777778,93.13888889,462.5555556,2.388888889,237.0833333,4.555555556
Cell_1532,221.1944444,115.1944444,70.63888889,1241.027778,298.8333333,136.6944444,162.1388889,229.1944444,202.8055556,231.6388889,202.0555556,750.4166667,155.1111111,4.5,85.66666667,417.5555556,17.52777778,321.5,18.97222222
Cell_1533,226.3611111,107.3888889,71.33333333,1330.194444,295.8611111,146.4166667,149.4444444,236.0833333,209.3055556,238.5833333,205.8333333,673.1111111,130.0555556,10.11111111,72.52777778,328.7777778,38.44444444,251.3888889,42.52777778
Cell_1534,214.3888889,80.13888889,66.25,1333.361111,273.7222222,153.8888889,119.8333333,224.4444444,200.5277778,229.25,194.9722222,855.6666667,120.4166667,35.97222222,40.05555556,308.4722222,128.0833333,262.75,153.9166667
Cell_1535,NA,NA,NA,NA,NA,NA,NA,NA,NA,NA,NA,NA,NA,NA,NA,NA,NA,NA,NA
Cell_1562,88.47222222,129.6944444,69.25,1324.25,170.3333333,-16.30555556,186.6388889,98.41666667,68.08333333,100.25,67.77777778,961.1944444,176.4166667,11,70.52777778,468.8333333,49.19444444,314.8333333,49.91666667
Cell_1570,240.5,135.3333333,69.36111111,1347.583333,327.6111111,133.9722222,193.6388889,249.8611111,221.2222222,251.8611111,219.5833333,1358.138889,237.0555556,14.91666667,67.47222222,641.3333333,64.63888889,314.1944444,98.55555556
Cell_1571,236.6944444,135.8611111,70.22222222,1311.027778,321.6111111,129.3888889,192.2222222,245.2777778,218.4722222,248.1666667,216.1111111,1453.777778,257.3611111,12.72222222,68.75,685.9444444,64.19444444,318.6388889,96.11111111
Cell_1573,242.3611111,132.7222222,71.58333333,1260.861111,321.25,137.2222222,184.0277778,249.8888889,227.25,253.0555556,221.8333333,1632.805556,301.7777778,10.61111111,71.77777778,759.9444444,52.66666667,424.4444444,76.58333333
Cell_1575,244.9722222,117.8888889,71.80555556,1153.666667,314.1388889,151.1111111,163.0277778,255.6111111,229.8333333,256.5555556,227.6944444,1488.583333,221.3333333,13.02777778,62.55555556,642.6388889,66.94444444,611.3333333,97.52777778
Cell_1579,249.1111111,133.4166667,69.94444444,1260.416667,332.6944444,143.3333333,189.3611111,255.75,230.8055556,260.1388889,229.4444444,1543.611111,275.25,4.972222222,80.11111111,766.6666667,18.41666667,413.3055556,42.80555556
Cell_1583,234.9166667,101.8333333,68.80555556,813.6944444,304.9166667,158.0555556,146.8611111,235.9722222,229,243.1666667,222.4444444,1527.027778,286.2777778,4.222222222,80.25,770.25,18.69444444,206.6111111,37.27777778
Cell_1584,238.8333333,106.9722222,69.61111111,920.4166667,309.5,156.8888889,152.6111111,241.0555556,230.0277778,247.25,224.4444444,1426.611111,268.2222222,3.861111111,83.11111111,743.5555556,14.88888889,213.6111111,32.72222222
Cell_1585,232.3888889,119.1666667,70.61111111,1046.388889,308.3611111,140.7777778,167.5833333,236.1111111,220.8055556,241.9166667,215.7222222,1254.444444,265.1388889,4.5,83.58333333,664.0555556,16.86111111,321.9444444,32.38888889
Cell_1587,238.5,127.9166667,69.66666667,1309.194444,323.8888889,141.6388889,182.25,245.1944444,219.1388889,250.8055556,218.9166667,919.1666667,216.3611111,0.944444444,94.94444444,546.0555556,4.638888889,261.5,9.194444444
Cell_1588,237.4722222,116.2777778,72.41666667,1257.694444,310.8333333,151.3333333,159.5,244.7777778,219.25,247.9166667,218.1666667,813.0555556,187.5555556,0.388888889,94,478.6111111,3.555555556,267.6666667,6.861111111
Cell_1589,216.5833333,112.5833333,70.55555556,1420.111111,290.6111111,132.1944444,158.4166667,226,195,228.6388889,194.9166667,765.6388889,166.1111111,2.694444444,90.36111111,452.5555556,10.55555556,306.0277778,12.02777778
Cell_1592,NA,NA,NA,NA,NA,NA,NA,NA,NA,NA,NA,NA,NA,NA,NA,NA,NA,NA,NA
Cell_1620,144.7777778,123.1111111,70.47222222,1310.111111,223.5833333,49.38888889,174.1944444,155.3333333,125.7222222,157.0277778,125.0277778,1029.527778,184.8611111,16.02777778,67.33333333,501.6111111,67.91666667,387.5277778,71.63888889
Cell_1626,237.8333333,131.3333333,69.11111111,1700.555556,323.0833333,134.3333333,188.75,251.5555556,213.4444444,252.9722222,211.8611111,1133.25,187.3611111,20.30555556,60.72222222,516.5833333,83.5,390.1111111,112.0555556
Cell_1630,257,127.6666667,67.55555556,1681.888889,339.7222222,152.1944444,187.5277778,267.5,237.9166667,270.9166667,230.7222222,1428,265.8888889,16.69444444,70.38888889,693.0833333,61.30555556,381.4166667,97.36111111
Cell_1631,253.8888889,121,67.22222222,1562.194444,331.1388889,152.3055556,178.8333333,265.1666667,234.8055556,267.1666667,229.1388889,1335.166667,229.3611111,17.27777778,65.94444444,616.9444444,62.80555556,566.4722222,96.80555556
Cell_1632,255.8888889,115.3888889,64.88888889,1459.638889,332.8333333,156.0555556,176.7777778,268.3611111,234.9722222,268.4722222,233.0555556,1302.388889,202.1666667,13.86111111,64.55555556,583.6111111,52.63888889,579.4166667,90
Cell_1636,248.9722222,128.8888889,68.13888889,1303.583333,330.8055556,142.8611111,187.9444444,255.0833333,230.1111111,260.8333333,228.6111111,1551.416667,297.8611111,5.694444444,81.55555556,799.1388889,25.83333333,391.1666667,44
Cell_1637,255.0833333,114.5277778,69.05555556,986.2777778,330.6111111,165.8055556,164.8055556,259.1666667,245.3888889,264.1666667,239.3888889,1567.611111,321.0277778,4.777777778,84.63888889,832.25,20.80555556,288.8333333,45.72222222
Cell_1638,243.5833333,104,67.94444444,985.6388889,315.7222222,163.8055556,151.9166667,246.4166667,240.4444444,253.8055556,228.6944444,1682.055556,335.4444444,4.305555556,83.22222222,878.0833333,20.19444444,203.2777778,138.4166667
Cell_1639,233.3333333,99.02777778,68.36111111,924.25,301.1111111,157.1388889,143.9722222,235.8611111,228.8333333,242.2222222,219.4444444,1554.138889,271.25,5.416666667,77.69444444,757.2222222,23.52777778,222.7777778,84.44444444
Cell_1640,219.2222222,109.9722222,70.25,1013.777778,289.3611111,134,155.3611111,223.5,207.8611111,227.3888889,202.5,1478.25,267.8055556,6.111111111,77.38888889,719.1388889,27.33333333,320.5,43.11111111
Cell_1641,220.6111111,118.8055556,69.86111111,1190.388889,295.2222222,126.2222222,169,226.5277778,208.7777778,229.8333333,201.5,1386.222222,271.9166667,5,81.83333333,723.3611111,20.91666667,340.6944444,36.38888889
Cell_1643,233.0555556,146,69.36111111,1577.444444,326.7222222,117.3888889,209.3333333,242.3333333,210.25,246.6944444,208.9166667,1085.277778,246.1111111,2.805555556,91.33333333,627.5,11.19444444,306.8333333,22.16666667
Cell_1645,225.6666667,123.5277778,70.88888889,1515.25,304.1666667,130.9166667,173.25,235.5555556,202.7222222,238.5555556,202.5833333,888.5,202.0555556,1.722222222,93.83333333,532.9166667,7.138888889,353.4722222,8.138888889
Cell_1646,211.6388889,120.1388889,69.58333333,1659.611111,290.8611111,119.3055556,171.5555556,223.3888889,187.0277778,227.6111111,187,878.3055556,188.25,5.055555556,86.66666667,503.1388889,21.30555556,316.4444444,23.44444444
Cell_1649,NA,NA,NA,NA,NA,NA,NA,NA,NA,NA,NA,NA,NA,NA,NA,NA,NA,NA,NA
Cell_1682,246.3333333,110.7777778,65.08333333,2037.75,321.8888889,152.9444444,168.9444444,265.3333333,226.5555556,265.3888889,216.1666667,1245.555556,213.9166667,38.63888889,52.52777778,553.6388889,143.5,533.2777778,171.5277778
Cell_1683,240.4444444,128.25,69.55555556,1844.777778,324.3888889,141.0833333,183.3055556,256.4444444,223.75,257.0555556,212.5,1012.138889,175.1666667,23.47222222,56.63888889,456.7777778,98.16666667,388.4166667,121.7222222
Cell_1684,236.8333333,138.5,67.36111111,1859.722222,329.6111111,125.3611111,204.25,251.4722222,211.1944444,252.6666667,208.9722222,1137.361111,193.5,20.11111111,61.13888889,533.9166667,87.94444444,324.5277778,116.9444444
Cell_1687,260.4722222,122.8055556,66.25,1917.527778,343.8333333,159.8888889,183.9444444,274.8611111,236.6944444,277.2777778,230.9444444,1318.444444,232.6666667,22.52777778,64.44444444,625.3888889,80.36111111,574.7222222,119.8333333
Cell_1688,261.9444444,119.5,65.08333333,1807,344.5,162.6388889,181.8611111,275.6388889,239.3055556,277.4444444,233.8055556,1238.833333,214.3611111,19.13888889,65.33333333,583.3611111,64.27777778,542.3888889,102.1666667
Cell_1689,261.2777778,117.8888889,64.80555556,1662.25,343.1388889,162.3888889,180.75,274.3888889,238.6388889,275.0555556,235.0277778,1274.027778,211.4166667,15.63888889,66.13888889,597.7222222,53.36111111,562.9166667,95.11111111
Cell_1691,235.6944444,130,66.75,1633.305556,321.6666667,128.25,193.4166667,246.75,213.1666667,249.5833333,209.8055556,1591.194444,275.1666667,10.91666667,73.13888889,773.3888889,45,399.5,82.58333333
Cell_1693,236.1666667,124.3888889,69.88888889,1237.972222,314.7777778,137.8611111,176.9166667,243.1388889,219.9722222,247.3333333,216.4166667,1658.694444,316,10,78.16666667,830.4444444,40.08333333,413.8611111,61.25
Cell_1695,240.1388889,112.4444444,68.02777778,1240.055556,313.4722222,149.1666667,164.3055556,245.7777778,233.3055556,251.1111111,220.6111111,1493.777778,274.0555556,4.916666667,78.77777778,742.9722222,22.75,195.6388889,147.5277778
Cell_1696,230.1944444,116.6666667,67.33333333,1383.166667,304.5277778,132.4722222,172.0555556,237.0277778,219.3333333,242,208.6666667,1401.361111,245.4166667,6.222222222,76.36111111,680.7777778,26.36111111,306.9166667,85.33333333
Cell_1697,223.5,129.7777778,70.13888889,1298.444444,302.3611111,118.5277778,183.8333333,230.5555556,209.1944444,234.3611111,202.5833333,1374,245.5,8.583333333,74.44444444,671.3611111,36.05555556,381.8888889,51.83333333
Cell_1698,223.3055556,126.6666667,69.97222222,1364.527778,300.1944444,120.5555556,179.6388889,230.9722222,210.3055556,234.0277778,201.5277778,1321.722222,238.9444444,13.08333333,70.77777778,631.6944444,49.5,485.3055556,69.05555556
Cell_1701,220.1111111,133.6111111,69.72222222,1619.666667,303.2777778,112.8611111,190.4166667,231.2777778,198.0555556,233.75,195.0277778,1143.555556,249.4722222,4.083333333,89.25,654.7222222,14.41666667,426.5555556,24.33333333
Cell_1702,212.1666667,125.9444444,70.27777778,1672.777778,293.6388889,115.6111111,178.0277778,224.6944444,188.8333333,228.5833333,187.2222222,1001,222.5277778,4.472222222,91.69444444,593.4444444,16.11111111,393.4444444,21.88888889
Cell_1706,NA,NA,NA,NA,NA,NA,NA,NA,NA,NA,NA,NA,NA,NA,NA,NA,NA,NA,NA
Cell_1738,201,119.5277778,68.02777778,1816.611111,278.1944444,104.1666667,174.0277778,219.7777778,177.3611111,219.7777778,174.5555556,1062.75,184.8611111,25.11111111,63.63888889,501.4166667,105.75,501.4166667,114.8333333
Cell_1739,239.1666667,113.8888889,64.97222222,2155.305556,319.6111111,145.5555556,174.0555556,259.7777778,217.6111111,259.8611111,207.4166667,1080.138889,177.8333333,33.97222222,50.36111111,467.1944444,125.8333333,461.7222222,146.8055556
Cell_1743,247.6944444,123.6666667,67.08333333,2113.611111,332.1388889,149.4166667,182.7222222,267.4444444,219.2777778,267.8888889,216.7777778,1315.527778,210.8611111,30.5,53.27777778,572.5277778,122.4166667,531.6388889,160.25
Cell_1744,254.9444444,121.5833333,66.88888889,2091.805556,337.4722222,157.1111111,180.3611111,273.3888889,226.9722222,274.4722222,223.7222222,1222.027778,203.1666667,25.33333333,58.44444444,550.2777778,91.13888889,516.3333333,126.8611111
Cell_1745,260.4722222,115.4722222,65.30555556,1963.305556,340.6111111,165.3055556,175.3055556,277.0277778,234.2777778,278.1111111,230.7777778,1206.833333,206.8611111,23.08333333,61.83333333,555.1666667,76.05555556,528.4722222,113.1111111
Cell_1747,255.8055556,121.75,66.05555556,1722.111111,337,154.1111111,182.8888889,268.8333333,234.3333333,270.6944444,229.0833333,1401.888889,235.8055556,19.05555556,65.72222222,666.7222222,70.47222222,395.1944444,110.5555556
Cell_1748,243.1388889,125.6388889,67.83333333,1617.722222,325,141.1111111,183.8888889,254.0555556,224.5,258.3611111,217.75,1528.972222,254.6388889,16.72222222,66.97222222,717.8611111,67.36111111,383.6944444,105.2777778
Cell_1750,230.6388889,121.7222222,71.22222222,1234.305556,306.75,136.8888889,169.8611111,238.4444444,215.3611111,241.1388889,210.75,1611.75,290.6388889,17.36111111,69.75,753.3055556,58.97222222,428.9722222,89.83333333
Cell_1752,243.4722222,120.6111111,69.52777778,1295.472222,318.9444444,146.75,172.1944444,250.1388889,234.0555556,254.0555556,223.5,1459.444444,264.8888889,8.777777778,77,727.1111111,31.63888889,343,147.7222222
Cell_1754,233.5555556,132.9166667,68.86111111,1419.222222,315.0555556,123.1666667,191.8888889,242.1111111,219.75,244.8333333,211.25,1400.805556,277.6666667,8.694444444,80.80555556,734.5555556,33.83333333,405.0833333,64.52777778
Cell_1756,229.4166667,124.3055556,72.36111111,1282.916667,305.7222222,134.8333333,170.8888889,236.3888889,214.1388889,240.6111111,208.8611111,1360.833333,279.6666667,5.388888889,86.61111111,756.4722222,21.55555556,592.3055556,35.33333333
Cell_1758,213.4722222,123.8611111,67.27777778,1769.861111,294.25,111.3888889,182.8611111,227.2222222,189.9722222,230.7222222,187.0555556,1225.166667,289.5833333,2.972222222,89.86111111,702.0833333,16.94444444,499.1388889,34.80555556
Cell_1759,209.6944444,118.6388889,66.30555556,1788.277778,292.3333333,114.8055556,177.5277778,224.5555556,186.5555556,228.6944444,183.7222222,1175.583333,257.2222222,7.5,87.55555556,675.5,25.27777778,459.4444444,37.5
Cell_1801,253.3611111,124,66.47222222,2332.333333,338.5,153.3611111,185.1388889,275.8055556,221.4166667,276.1111111,219.5833333,1074.555556,171.2777778,23.27777778,55.55555556,468.0277778,85.97222222,441.3888889,114.1666667
Cell_1802,258.3055556,106.9166667,64.38888889,2096.583333,334.1111111,169.2222222,164.8888889,277.4444444,228.7777778,277.7777778,227.6111111,1167.277778,203.6944444,27.08333333,59.08333333,520.9166667,87.58333333,508.8055556,113.9166667
Cell_1803,258.5,113.7777778,65.13888889,1986.861111,335.9722222,162.5,173.4722222,276.0277778,229.9444444,276.4166667,229.5833333,1303.916667,226.9444444,28.08333333,60.5,598.5833333,90.66666667,571.4444444,118.1388889
Cell_1804,253.9444444,120.6111111,65.86111111,1813.861111,333.9444444,152.2222222,181.7222222,268.6944444,230.2222222,270.0277778,227.1388889,1430.666667,242.5277778,27.80555556,60.80555556,662.3888889,95.72222222,463.5833333,138.5
Cell_1805,245.8611111,121.9166667,68.25,1640.972222,324.1666667,146.8611111,177.3055556,257.6944444,227.8611111,261.0277778,220.7222222,1506.75,252.5555556,25.30555556,61.88888889,692.8055556,90.08333333,370.0277778,133.5277778
Cell_1807,234.7777778,121.4166667,71.05555556,1397.944444,310.25,140.4444444,169.8055556,244.5833333,218.0833333,246.4444444,212.75,1559.638889,276.7777778,23.38888889,66.47222222,719.0833333,74.30555556,424.6666667,111.6666667
Cell_1808,241.2222222,122.3055556,71.41666667,1366.277778,317.3888889,147,170.3888889,250.1666667,226,252.8611111,219.8055556,1516.333333,277.5,19.88888889,71.38888889,733.4444444,63.41666667,418.5555556,93.55555556
Cell_1810,234,129.1666667,68.83333333,1594.361111,314.6111111,128.3333333,186.2777778,245.6388889,214.25,246.8055556,208.6666667,1315.055556,250.4166667,7.388888889,79.16666667,679.4722222,27.77777778,502.6388889,56.63888889
Cell_1811,218.9722222,121.6111111,68.38888889,1696.111111,293.1666667,116.6944444,176.4722222,232.4722222,196.3333333,233.0555556,192.1111111,1441.583333,281.1111111,8.5,81.41666667,750.5555556,29.80555556,707.8611111,49.97222222
Cell_1815,214.1666667,126.9722222,66.55555556,1849.444444,296.5277778,107.4444444,189.0833333,229.3611111,190.4166667,232.9722222,187.1111111,1256.972222,273.7222222,6.472222222,86.55555556,705.1388889,22.58333333,525.7222222,41.27777778
Cell_1816,202.6111111,120.1666667,64.02777778,1997.083333,287.1944444,101.0555556,186.1388889,219.9722222,175.2222222,224.5833333,174.0555556,1490.916667,335.1944444,10.22222222,83.77777778,824.3055556,37.47222222,575.3055556,46.86111111
Cell_1819,239.2777778,96.08333333,65.33333333,1538.777778,312.3055556,166.6111111,145.6944444,251.3888889,219.1111111,259.1944444,218.75,1187.944444,180.1111111,41.11111111,48.72222222,508.8888889,144.4444444,359.7222222,144.5555556
Cell_1852,188.6388889,129.0277778,62.61111111,2500.916667,278.5833333,73.69444444,204.8888889,213.3055556,154.0277778,214.1666667,152.5277778,818.2777778,167.8055556,5.666666667,85.25,460.7222222,29.36111111,371.3333333,35.36111111
Cell_1854,244.8611111,130.9166667,61.16666667,2862.583333,343.0833333,130.6111111,212.4722222,274.2777778,222.5833333,274.3611111,204.4444444,503.8611111,81.63888889,4.388888889,63.66666667,227.4166667,24.86111111,216.4722222,49.22222222
Cell_1856,248.7777778,131.3611111,62.91666667,2777.222222,344.3055556,137.1111111,207.1944444,270.9722222,211.9444444,277.75,208.5555556,726.7222222,107.5,11.58333333,57,304.1666667,50.30555556,278.75,70.27777778
Cell_1858,257,120.5833333,63.44444444,2485,344.8888889,156.5,188.3888889,282.6388889,222.8611111,283,221.25,1001.694444,153.4722222,23.66666667,51.75,420.3333333,91.16666667,401.6111111,118.3055556
Cell_1859,254.1666667,110.8055556,63.30555556,2314.5,334.3333333,160.6666667,173.6666667,277.0833333,221.0277778,277.2777778,220.9166667,1204.5,204.6944444,26.58333333,55.41666667,528.2222222,105.8055556,509.25,126.1388889
Cell_1860,251.3333333,115.9166667,65.11111111,2204.638889,330.1666667,153.5555556,176.6111111,272.5833333,219.6111111,272.6111111,219.5555556,1349.305556,229.1944444,28.63888889,55.86111111,597.9166667,109.5277778,580.0555556,126.0555556
Cell_1861,245.7777778,117.9166667,67.58333333,1865.388889,323.2777778,149.8055556,173.4722222,262.4166667,220.4166667,262.8055556,218.25,1436.444444,241.5,32.08333333,55.80555556,637.4444444,109.4444444,562.3611111,168.4722222
Cell_1862,236.3611111,116.8888889,69.30555556,1595.75,311.6944444,144.1666667,167.5277778,249.2777778,216.9722222,250.4722222,211.9722222,1481.472222,245.25,32.25,56.25,652.4444444,105.3333333,495.5555556,160.7777778
Cell_1864,240.0833333,122.0277778,69.19444444,1711.861111,316.5833333,141.5,175.0833333,254.4166667,219.6388889,254.7777778,214.0277778,1456.75,259.8333333,26.41666667,63.44444444,668.0555556,86.02777778,573.2777778,127.25
Cell_1865,235.5833333,126.5555556,68.77777778,1838.527778,314.0277778,131,183.0277778,251.2222222,212.9444444,251.8055556,207.6666667,1400,262.3888889,21.94444444,68.77777778,676.8055556,81.83333333,519.0555556,116.5
Cell_1866,234.6111111,127.9444444,68.52777778,1824.722222,312.6388889,127.1666667,185.4722222,249.3611111,209.6944444,249.8333333,206.0555556,1258.111111,238.0277778,15.19444444,73.69444444,642.8333333,58.63888889,549.2222222,81.22222222
Cell_1867,235.8055556,130.25,68.5,1786.75,315.3055556,126.5833333,188.7222222,250.1111111,211.2222222,250.3888889,207.6944444,1352.222222,252.25,11.33333333,76.63888889,695.6666667,44.22222222,620.0277778,69.44444444
Cell_1868,225.5833333,124.0555556,69.05555556,1686.694444,300.1944444,121.7777778,178.4166667,239.4166667,204.1388889,239.8055556,199,1473.305556,271.0277778,12.19444444,76.25,746.4166667,48.97222222,683.7777778,77.80555556
Cell_1869,201.5,112.3611111,68.22222222,1612.722222,270.2777778,106.6944444,163.5833333,214.4166667,180.8333333,216,176.3888889,1575.027778,294.0277778,12.52777778,76.41666667,800.3888889,47.44444444,723.8055556,76.69444444
Cell_1870,205.9444444,129.25,66.61111111,1913.027778,285.5277778,92.80555556,192.7222222,221.5,183.7222222,224.3333333,177.0277778,1458.555556,288.9444444,10.19444444,80.30555556,763.9444444,37.80555556,636.4166667,63.38888889
Cell_1872,208.3333333,125.5555556,67.05555556,1804.638889,288.4166667,102.7222222,185.6944444,223.1944444,186.7222222,226.4722222,181.6388889,1393.416667,302.4722222,9.083333333,86.94444444,788.9166667,32.02777778,590.3333333,50.75
Cell_1873,203.8333333,116.7777778,63.19444444,2021.083333,286.6388889,103.3611111,183.2777778,221.1944444,175.6944444,226.4722222,175.2777778,1383.194444,286.1666667,11.55555556,82.27777778,759.4166667,39.11111111,558.6388889,43.27777778
Cell_1874,216.6111111,122.7777778,64.66666667,1959.5,302.1388889,114.1666667,187.9722222,233.3055556,190.6666667,238.1666667,188.7777778,1209.25,224.7777778,16,75.11111111,643.5277778,56.52777778,475.6944444,68.08333333
Cell_1876,NA,NA,NA,NA,NA,NA,NA,NA,NA,NA,NA,NA,NA,NA,NA,NA,NA,NA,NA
Cell_1911,239.4166667,130,56.77777778,3323.888889,343.7777778,116.5,227.2777778,270.6666667,213.6666667,274.25,191.3333333,482.2222222,84.11111111,3.611111111,73.69444444,237.1944444,15.11111111,213.6944444,33.88888889
Cell_1915,254.9722222,118.9444444,60.36111111,2706.722222,346.5555556,151.1666667,195.3888889,283.6388889,217.8055556,284.3055556,216.3333333,1036.444444,149.8055556,27.02777778,46.5,401.4444444,98.91666667,398.9444444,136.4166667
Cell_1917,239.5,118.7222222,63.02777778,2378.222222,323.1944444,136.4444444,186.75,263.1111111,205.5,263.4166667,205.4166667,1386.111111,207.1944444,33.58333333,46.55555556,554.7222222,133.9722222,551.8333333,187.5277778
Cell_1918,235.8055556,116.7777778,67.02777778,1972.666667,313.0277778,139.9166667,173.1111111,253.8333333,209.0833333,254.3611111,206.7222222,1420.472222,219.6388889,32.69444444,49.33333333,577.1388889,122.3055556,549.1111111,187.6666667
Cell_1919,234.7222222,114.6944444,69.11111111,1704.138889,308.5833333,143.6111111,164.9722222,249.3333333,213.8055556,249.9722222,208.8611111,1434.333333,217.0277778,32.44444444,49.77777778,587.0833333,119.9722222,535.0277778,176.7222222
Cell_1921,238.3611111,120.6944444,67.13888889,2081.305556,314.1944444,135.7222222,178.4722222,258.5833333,211.1944444,258.5833333,207.3333333,1267.027778,212.9166667,24.36111111,57.52777778,561.4166667,88.38888889,530.3888889,128.6944444
Cell_1923,226.25,127.3333333,66.05555556,2230.305556,305.7222222,114.1111111,191.6111111,248.1388889,195.3888889,248.1388889,193.0555556,1191.944444,221,16.61111111,68.33333333,588.8333333,76.16666667,588.8333333,101.4444444
Cell_1927,200.5,126.8333333,66.44444444,2063.083333,278.2222222,88.66666667,189.5555556,218.7777778,173.6388889,220.6111111,169.2777778,1496.222222,281.0277778,17.86111111,75.16666667,763.2222222,60.30555556,636.1944444,85.52777778
Cell_1929,195.1111111,120.5833333,66,1940.388889,276.1666667,94.83333333,181.3333333,212.5,168.8333333,216.8611111,167.3888889,1490.111111,304.3888889,14.75,80.88888889,791.5277778,49.11111111,635.75,63.52777778
Cell_1931,202.0277778,125.5833333,64.02777778,2043.583333,292.7777778,98.22222222,194.5555556,219.6111111,175.0555556,225.5833333,173.7222222,1302.277778,241.1111111,19.38888889,70.19444444,655.1388889,71.61111111,505.8333333,85.22222222
Cell_1932,NA,NA,NA,NA,NA,NA,NA,NA,NA,NA,NA,NA,NA,NA,NA,NA,NA,NA,NA
Cell_1972,249.8611111,116.1666667,57.72222222,2964.472222,344.5555556,144.9722222,199.5833333,281.2777778,209.6944444,283.8611111,208.7777778,1182.388889,162.6944444,39.25,42.25,441.4722222,126.4166667,431.8611111,169.8611111
Cell_1973,239.5555556,115,59.16666667,2741.583333,329.9166667,137.1388889,192.7777778,267.3888889,201.6111111,270.0555556,201.5833333,1343.416667,173.0277778,46.52777778,37.44444444,494.75,160.9722222,447.3611111,187.8888889
Cell_1974,231.6111111,116.9444444,60.86111111,2488.416667,317.3611111,126.9444444,190.4166667,254.6666667,196.5833333,257.3888889,196.4444444,1377.194444,176.4722222,43.25,37.11111111,500.4444444,161.9444444,435.8333333,189.6944444
Cell_1976,235.5555556,116.9166667,65.19444444,1948.833333,317.25,139.1666667,178.0833333,250.6666667,212.6111111,254.8888889,207.5,1468.888889,205.8055556,29.08333333,44.25,554.75,151.9166667,496.6944444,191.4166667
Cell_1977,231.6388889,121.2222222,66.41666667,2090.138889,313.5833333,132.3888889,181.1944444,251.3055556,206.3611111,252.3888889,200.9444444,1328.194444,181.1111111,26.91666667,45.61111111,513.6944444,136.6388889,494.3611111,173.3333333
Cell_1978,228,123.3888889,64.22222222,2427.916667,310.3611111,119.6388889,190.7222222,253.5833333,196.4444444,253.5833333,192.7222222,1173.833333,174.3611111,30.36111111,48.58333333,490,121.0555556,486.3611111,158.4444444
Cell_1979,220.3888889,125.0833333,63.38888889,2561.972222,304.75,109.1388889,195.6111111,248.0277778,192.9444444,248.0277778,183.7222222,1183.222222,194.2777778,27.91666667,55.52777778,528.5555556,108.8055556,528.5555556,148.3055556
Cell_1981,215.5277778,125.6388889,64.72222222,2337.527778,299.3055556,106.8333333,192.4722222,241.0277778,184.0277778,241.0277778,182.25,1218.166667,220.3611111,22.44444444,66.52777778,602.75,90.94444444,599.4722222,113.9722222
Cell_1982,208.4166667,117.6388889,64.66666667,2137.25,286.3055556,105.7777778,180.5277778,230.5833333,178.5833333,230.7222222,177.8055556,1344.583333,244.8611111,21.69444444,71.16666667,679.5,80.83333333,627.1666667,100.8055556
Cell_1983,203.3888889,120,64.66666667,2177.638889,280.8888889,96.66666667,184.2222222,225.3333333,172.6666667,225.4444444,171.9166667,1381.027778,253.2222222,19.77777778,72.41666667,695.5555556,73.77777778,635.3055556,88.91666667
Cell_1984,192.4166667,125.1944444,65.47222222,2166.083333,271.5833333,81.83333333,189.75,214.1388889,163.2777778,214.3611111,160.2222222,1543.666667,279.1944444,23.22222222,70.61111111,762.0277778,82.05555556,667.4444444,102.5833333
Cell_1988,215.1944444,110.25,60.41666667,2160.638889,300.75,119.8333333,180.9166667,234.4444444,186.4444444,241.8333333,186.0555556,1297,235.75,22.91666667,65,612.5,84.94444444,503.3888889,90.38888889
Cell_1989,NA,NA,NA,NA,NA,NA,NA,NA,NA,NA,NA,NA,NA,NA,NA,NA,NA,NA,NA
Cell_2027,242.1666667,131.3333333,56.11111111,3560.555556,353.4166667,121.6388889,231.7777778,283.4166667,195.3055556,283.6944444,193.4166667,671.1666667,95.58333333,7.861111111,54.41666667,271.6944444,46.55555556,271.6388889,77.33333333
Cell_2028,240.8611111,128.3333333,57,3348.944444,349.75,126.9722222,222.7777778,278.0833333,207.75,280.0833333,195.6111111,852.9722222,114.4166667,18.63888889,47.86111111,326.2222222,77.19444444,324.5277778,102.8888889
Cell_2029,243.4722222,121.3888889,57.19444444,3209.666667,346.8888889,136.4722222,210.4166667,276.4722222,209.8055556,281.6666667,200.5833333,1163.666667,149.2777778,30.30555556,41.66666667,428.0555556,120.3888889,404.4722222,129.6111111
Cell_2030,236.6666667,116.7222222,57.66666667,3026.583333,333.5,132.6388889,200.8611111,267.8333333,195.8888889,272.25,195.8055556,1383.472222,180.9166667,43.19444444,38.44444444,503.3888889,160.5277778,442.25,168.7222222
Cell_2031,227.1666667,117.4722222,59.61111111,2677.694444,318.2222222,122.8333333,195.3888889,252.5,191.2222222,257.1388889,190.3333333,1423,174.5,44.86111111,34.22222222,496.9166667,180.2777778,450.2777778,232.1111111
Cell_2033,226.7777778,120.4722222,63.25,2256,316.0277778,126.9722222,189.0555556,242.2777778,199.2222222,252.1111111,195.7222222,1518.527778,223.2777778,40.08333333,39.63888889,569.25,199.3888889,507.4722222,234.5277778
Cell_2034,223.3888889,127.5833333,64.13888889,2475.5,313.6944444,116.25,197.4444444,242.9166667,201.0555556,250.1944444,187.8888889,1296.111111,173.6388889,39.16666667,37.75,461.7777778,171.8611111,444.75,227.8611111
Cell_2038,203.9722222,126.7777778,64.75,2375.916667,292.0277778,97.75,194.2777778,231.1944444,172.5833333,231.1944444,171.4444444,1264.555556,203.6111111,31.86111111,56.5,572.4166667,122.25,566.6388889,143.0555556
Cell_2039,201.9444444,117.8333333,62.91666667,2346.083333,284.9444444,99.41666667,185.5277778,228,169.5833333,228,169.5833333,1258.75,225.1944444,28.30555556,64.30555556,611.6388889,102.2777778,582.6666667,105.6111111
Cell_2040,195,114.6388889,62.75,2328.722222,274,92.55555556,181.4444444,220.1944444,162.4444444,220.3055556,162.4444444,1305.583333,235.4166667,26.86111111,66.22222222,641.1944444,99.61111111,601.7777778,99.61111111
Cell_2041,176.4166667,111.75,62.41666667,2228.888889,252.1388889,74.44444444,177.6944444,200.75,145.5,201.2777778,145.25,1525.444444,267.1666667,28.72222222,65.36111111,736.8333333,112.3888889,678.7222222,118.2222222
Cell_2042,176.6111111,116,61.66666667,2243.666667,256.2222222,69.72222222,186.5,201.6944444,145.4444444,202.6388889,145.3055556,1607.333333,275.8888889,27.94444444,67.72222222,780.8333333,106.1111111,728.4722222,107.75
Cell_2045,NA,NA,NA,NA,NA,NA,NA,NA,NA,NA,NA,NA,NA,NA,NA,NA,NA,NA,NA
Cell_2085,232.9166667,131.4722222,56.13888889,3508.888889,347.7777778,116,231.7777778,265.8055556,190.3055556,275.8055556,186.8055556,918.5277778,114,24.22222222,42.72222222,325.1944444,96.94444444,310.6944444,115.1388889
Cell_2086,235.7777778,124.5833333,56.66666667,3385.055556,345.0833333,126.9166667,218.1666667,271.8055556,193.8611111,277.0833333,191.3333333,1099.388889,136.1944444,27.47222222,38.30555556,370.5277778,123.9166667,351.5277778,125.1111111
Cell_2087,231.1111111,113.5833333,55.86111111,3210.527778,329.8888889,128.5833333,201.3055556,264.6388889,189.5,270.0277778,188.6944444,1315.166667,162.1666667,45.66666667,34.86111111,456.8888889,165.5277778,416.0833333,184.8055556
Cell_2089,218.6388889,116.9166667,56.77777778,2888.305556,313.4166667,109.3888889,204.0277778,238.0555556,181.7777778,251.8055556,179.0833333,1607.416667,188.8333333,73.19444444,27.25,549.5,251.5555556,486.1666667,303.0277778
Cell_2090,215.6944444,121.9722222,59.08333333,2793.916667,312.6666667,107.8055556,204.8611111,236.1666667,182.9166667,247.1388889,176.4166667,1514.972222,183.9166667,66.69444444,27.27777778,500.75,261.7222222,464.5833333,326.8888889
Cell_2094,192.6944444,123.3333333,61.30555556,2715.555556,284.0277778,84.5,199.5277778,223.5833333,161.7222222,223.7222222,154.4444444,1342.722222,174.3333333,58.19444444,32.16666667,479.3611111,212.75,473.6388889,238.0555556
Cell_2097,187.8611111,96.55555556,57.05555556,2371.75,265.6111111,98.13888889,167.4722222,216.25,156.3888889,216.9166667,156.3888889,1695.833333,260.0277778,55.47222222,50.86111111,715.5833333,181.5555556,691.1388889,181.5555556
Cell_2141,225.3888889,134.7777778,54.44444444,3888.944444,344.3055556,98.91666667,245.3888889,267.75,176.3611111,273.75,174.4166667,894.4166667,125.75,17.52777778,52.13888889,348.2777778,65.97222222,333.4166667,102.1944444
Cell_2143,229.8611111,122.0833333,53.97222222,3523.777778,342.8611111,118.7777778,224.0833333,268.5555556,191.8888889,274.6666667,183.8333333,1101.694444,137.8055556,27.69444444,38.27777778,378.8055556,129.3888889,361.3611111,131.6666667
Cell_2144,228.3055556,106.2777778,53,3417.972222,327.6666667,128.6388889,199.0277778,263,186.2777778,269.75,183.7222222,1363.083333,171.1944444,44.58333333,35.94444444,460.2222222,174.0555556,449.5833333,175.2222222
Cell_2145,219.4444444,108,53.58333333,3335.388889,315.8888889,115.8888889,200,241.6666667,176.75,259.1944444,175.9166667,1493.222222,179.8055556,68.36111111,27.25,492.4722222,237.8333333,403.9722222,239.7777778
Cell_2151,175.3888889,118.5555556,59.05555556,2752.75,269.4166667,70.33333333,199.0833333,208.1111111,141.2222222,208.7222222,138.3611111,1487.777778,181.9444444,74.63888889,25.91666667,495.4444444,266.4166667,484.8888889,289.5555556
Cell_2152,184.2777778,106.6388889,54.72222222,3006.611111,274.8611111,81.83333333,193.0277778,219.3888889,146.25,219.6944444,143.5,1447.027778,193.2222222,65.91666667,32.86111111,528.1944444,235.0277778,520.8611111,252.0277778
Cell_2153,NA,NA,NA,NA,NA,NA,NA,NA,NA,NA,NA,NA,NA,NA,NA,NA,NA,NA,NA
Cell_2200,223.9722222,120.8611111,52.44444444,3719.222222,341.2222222,113.0833333,228.1388889,263.6388889,175.6666667,271.3333333,175.6666667,1310.138889,157.8888889,42.13888889,36,442.7222222,156.6944444,421.0555556,156.6944444
Cell_2201,220.75,111.3055556,52.88888889,3531.25,325.5277778,117.0833333,208.4444444,251.1944444,178.5,264.5833333,174.9166667,1437.611111,160.2777778,59.11111111,26.91666667,447.4166667,219.6944444,419.2222222,224.8611111
Cell_2202,215.0555556,114.0555556,53.61111111,3534.888889,319.6388889,109.0277778,210.6111111,238.3888889,172.8611111,258.8333333,169.3611111,1522.694444,172.3055556,75.27777778,24.33333333,464.8333333,255.0833333,403.6111111,258.6388889
Cell_2204,197.8611111,133.6666667,56.55555556,3490.111111,310.8888889,76.72222222,234.1666667,232.9722222,164.1388889,240.8333333,152.75,1763.444444,198.75,99.61111111,19.91666667,525.2222222,350,515.5555556,371.1944444
Cell_2208,170.2777778,118.9722222,56.94444444,3080.111111,269.6666667,62.22222222,207.4444444,207.7222222,131.1944444,207.7222222,130.4166667,1424.888889,172.5833333,74.55555556,24.41666667,469.2222222,276.5833333,468.7222222,281.3611111
Cell_2250,187.4444444,125.1388889,49,4362.388889,306.0555556,53.05555556,253,234.3888889,136.75,239.4166667,127.9722222,784.1666667,156,9.055555556,80.94444444,415.3333333,33.61111111,407.25,34.36111111
Cell_2255,214.3611111,135.75,52.52777778,4112.055556,343.1111111,87.16666667,255.9444444,260.6944444,161.4444444,266.5277778,161.4444444,1039.305556,136.0833333,23.16666667,50.30555556,389.1388889,81,374.4444444,81.72222222
Cell_2256,215.5277778,123.5833333,51.02777778,4044.222222,337.3333333,97.11111111,240.2222222,249.0277778,163.3333333,266.6944444,163.3333333,1215.333333,153.3333333,33.27777778,42.58333333,423.6388889,122.3055556,390.8333333,122.3055556
Cell_2257,221.2222222,110.75,49.52777778,3916.277778,335.8888889,114.6944444,221.1944444,251.1388889,172.9166667,270.5277778,170.4444444,1313.583333,158.7777778,44.08333333,34,431.1388889,167.9722222,391.5277778,169.7777778
Cell_2258,222.0277778,112.5277778,50.47222222,3806.277778,334.5555556,113.5833333,220.9722222,250.5277778,173.1666667,269.6388889,173.1666667,1443.833333,163.75,60.55555556,27.38888889,441.8611111,217.6944444,410.0833333,217.6944444
Cell_2259,215.8888889,119,51.61111111,3828.333333,332.1666667,103.7222222,228.4444444,231.6388889,169.25,263.5,167.3888889,1656.388889,194.5,91.25,23.44444444,496.0277778,305.75,409.5833333,307.0277778
Cell_2260,203.3611111,126.8611111,56.08333333,3554.416667,317.5277778,93,224.5277778,203.8611111,164.25,247.4444444,157.6388889,1628.25,177.0833333,99.19444444,17.19444444,464.7777778,321.0555556,402.5,330.9722222
Cell_2313,210.25,116.9444444,49.22222222,4098.444444,331.6111111,95.91666667,235.6944444,244.3055556,157.3888889,263,157.3888889,1172.694444,145.5,38.58333333,39.97222222,410.1666667,128.9166667,382.4722222,128.9166667
Cell_2314,216.0277778,116.0833333,49.61111111,4035.861111,337.9722222,106.0833333,231.8888889,243.25,164.8055556,268,164.8055556,1249.416667,155.9444444,48.13888889,31.30555556,411.4722222,173.9166667,356.5,173.9166667
Cell_2315,220.0555556,118.1388889,50.58333333,3980.111111,342.6944444,111.1388889,231.5555556,233.4722222,170.2222222,271.0555556,170.2222222,1468.055556,164.3611111,66.22222222,24.16666667,439.25,237.25,383.8888889,237.25
Cell_2316,211.9722222,119.1388889,51.91666667,3819.805556,330.5277778,103.2777778,227.25,219.5,168.0833333,260.6111111,163.1666667,1623.805556,172.2777778,89.94444444,16.5,460.9444444,319.0833333,406.9166667,322.3611111
Cell_2317,205.9166667,124.1666667,53.91666667,3617.638889,323.5277778,95.52777778,228,180.3888889,176.0833333,249.5277778,159.4166667,1755.722222,191,113.4444444,13.88888889,492.0277778,380.5555556,415.9722222,423.9722222
Cell_2322,157.5833333,103.7222222,53.55555556,2949.083333,256.25,64.30555556,191.9444444,165.4722222,128.5833333,193.9444444,120.0555556,1566,163.2777778,101.6944444,15.05555556,450.9166667,326.1944444,443.3888889,348.1666667
Cell_2370,204.6666667,118.6111111,49.16666667,4247.555556,330,90.94444444,239.0555556,236.6666667,150.2222222,259.4722222,150.2222222,1113.5,140.4444444,36.94444444,37.41666667,378.8333333,129.6944444,342.3888889,129.6944444
Cell_2371,204.8333333,117.3333333,49.05555556,4271.75,329.0277778,91.55555556,237.4722222,234.0833333,151.5833333,260.3611111,151.5833333,1199.638889,149.3888889,45.88888889,30.05555556,391.2222222,171,319.6388889,171
Cell_2372,207.3611111,117.5833333,48.97222222,4199.25,332.5,94.58333333,237.9166667,226.6944444,155.0555556,261.9722222,155.0555556,1391.333333,165.3333333,62.69444444,24,430.0833333,231.7222222,348,231.7222222
Cell_2373,204.0555556,119.1111111,49.83333333,4055.277778,328.0833333,90.91666667,237.1666667,202.5555556,152.9166667,256.5833333,152.9166667,1543.75,169.6666667,86.63888889,17.47222222,464.3055556,303,365.25,303
Cell_2374,199.5,119.0833333,51.69444444,3802.361111,318.5555556,90.38888889,228.1666667,183.4444444,181.9166667,245.8333333,151,1786.333333,183.0555556,122.25,10.80555556,495.3611111,405.6944444,416.6666667,426.1944444
Cell_2377,179.4166667,101.6388889,52.52777778,3095.972222,281.3888889,89.94444444,191.4444444,197.5277778,161.5,216.1111111,139.6944444,1615.111111,173.6388889,108.8055556,14.19444444,466.6111111,344.1666667,446.7777778,359.0555556
Cell_2427,197.5833333,119.8055556,48.22222222,4428.416667,327.75,81.97222222,245.7777778,240.0833333,141.3611111,255.0833333,141.3611111,1074.694444,142.9166667,38.22222222,37.58333333,366.4166667,125.5555556,337.4444444,125.5555556
Cell_2428,196.8333333,116.6111111,47.83333333,4466.583333,325,83.83333333,241.1666667,227.5555556,141.3888889,254.8888889,141.3888889,1147.166667,143.8333333,48,31.83333333,387.2222222,155.3888889,331.9444444,155.3888889
Cell_2429,199.1666667,115.5833333,47.36111111,4385.583333,327.6111111,86.5,241.1111111,228.1666667,144.75,256.5,144.75,1294.555556,153.8055556,62.36111111,24.25,412.6388889,215.5555556,347.5555556,215.5555556
Cell_2430,192.3333333,118.5555556,48.72222222,4262.222222,320.7777778,79.83333333,240.9444444,198.9722222,140.25,248.5,140.25,1466.888889,155.3888889,88.38888889,15.27777778,429.1944444,295.9444444,366.8611111,295.9444444
Cell_2431,188.6666667,115.6388889,49.86111111,3981.027778,311.5,81.5,230,196.3333333,194.6944444,239.9444444,139.9722222,1643.277778,162.5,115.2777778,9.444444444,453.1111111,373.1388889,395.75,378.3055556
Cell_2433,190.9444444,101.1111111,49.97222222,3345.361111,298.5555556,97.94444444,200.6111111,225.75,154.25,229.1388889,148.0833333,1501.527778,147.2777778,105.9722222,10.52777778,424.4444444,331.6388889,415.6944444,339.1111111
Cell_2435,189.0555556,93.41666667,48.5,3312.055556,289.2222222,98.58333333,190.6388889,180.6666667,188.0833333,229.0555556,147.0555556,1497.888889,145.8333333,103.4444444,9.777777778,410.5555556,341.5833333,387.1666667,376.8333333
Cell_2436,NA,NA,NA,NA,NA,NA,NA,NA,NA,NA,NA,NA,NA,NA,NA,NA,NA,NA,NA
Cell_2479,160.4166667,141.0277778,52.47222222,4250.444444,292.4722222,26.41666667,266.0555556,214.7777778,104.1666667,215.1111111,104.1666667,712.5,112.9722222,9.027777778,65.80555556,322.5833333,33.16666667,322.5277778,33.16666667
Cell_2481,183.2222222,135.1944444,49.72222222,4707.916667,319.7222222,49.66666667,270.0555556,238,122.1944444,243.9722222,122.1944444,890.4444444,135.1944444,20.61111111,54.5,358.2222222,66.55555556,349.5277778,66.55555556
Cell_2484,191.5277778,121.9166667,47.47222222,4585.861111,328.6388889,73.75,254.8888889,237.9444444,133.6111111,250.5277778,133.6111111,1081.472222,140.2222222,42.41666667,33.61111111,357.5,144.75,336.0277778,144.75
Cell_2485,190.8611111,121.3055556,47.77777778,4603.527778,327.3333333,75.97222222,251.3611111,221.8888889,135.3333333,250.7222222,133.8888889,1236.416667,148.6944444,62.25,25.44444444,393.6666667,204.6111111,339.7222222,205.0555556
Cell_2542,183.2777778,124.0833333,47.63888889,4647.138889,323.9166667,65.66666667,258.25,225.2777778,126.8611111,244.3611111,125.3611111,1201.583333,140.0555556,63.88888889,22.61111111,370.7777778,212.2222222,326.9166667,213.1666667
Cell_2598,177.3888889,120.0277778,46.52777778,4633.222222,317.6666667,62.02777778,255.6388889,233.4444444,119.8055556,237.1388889,118.7777778,1038.527778,134.6388889,45.38888889,31.16666667,349.9444444,163.3611111,299.7777778,163.6944444
Cell_2654,166.7222222,129.1666667,48.47222222,4694.638889,311.8333333,48.16666667,263.6666667,223.75,107.7777778,227.2222222,107.7777778,965.6111111,120.6666667,40.5,30.72222222,315.5555556,138.5555556,290.2777778,138.5555556
Cell_2655,168.4722222,120.5833333,46.61111111,4609,309.1666667,53.02777778,256.1388889,222.5555556,115.7222222,227.6388889,110.25,994.5,115.5,48.13888889,23.91666667,308.3055556,170.5833333,274.4166667,173.2222222
Cell_2713,NA,NA,NA,NA,NA,NA,NA,NA,NA,NA,NA,NA,NA,NA,NA,NA,NA,NA,NA
