<?xml version="1.0" encoding="UTF-8"?>
<metadata xml:lang="pt"><Esri><CreaDate>20150714</CreaDate><CreaTime>11231400</CreaTime><ArcGISFormat>1.0</ArcGISFormat><SyncOnce>TRUE</SyncOnce><DataProperties><lineage><Process ToolSource="C:\Program Files (x86)\ArcGIS\Desktop10.0\ArcToolbox\Toolboxes\Data Management Tools.tbx\Project" Date="20150714" Time="112314">Project LIM_RBSE "C:\Users\iara.campos\Desktop\RESERVA\SHAPES PRONTOS\RBSE_limites\RBSE_limites.shp" GEOGCS['GCS_WGS_1984',DATUM['D_WGS_1984',SPHEROID['WGS_1984',6378137.0,298.257223563]],PRIMEM['Greenwich',0.0],UNIT['Degree',0.0174532925199433]] SAD_1969_To_WGS_1984_14 GEOGCS['GCS_South_American_1969',DATUM['D_South_American_1969',SPHEROID['GRS_1967_Truncated',6378160.0,298.25]],PRIMEM['Greenwich',0.0],UNIT['Degree',0.0174532925199433]]</Process><Process ToolSource="C:\Program Files (x86)\ArcGIS\Desktop10.0\ArcToolbox\Toolboxes\Data Management Tools.tbx\DeleteField" Date="20150714" Time="112845">DeleteField RBSE_limites FID_;Entity;Handle;Layer;LyrFrzn;LyrLock;LyrOn;LyrVPFrzn;LyrHandle;Color;EntColor;LyrColor;BlkColor;Linetype;EntLinetyp;LyrLnType;BlkLinetyp;Elevation;Thickness;LineWt;EntLineWt;LyrLineWt;BlkLineWt;RefName;LTScale;ExtX;ExtY;ExtZ;DocName;DocPath;DocType;DocVer;Area</Process><Process ToolSource="c:\program files (x86)\arcgis\desktop10.4\ArcToolbox\Toolboxes\Data Management Tools.tbx\CalculateField" Date="20161226" Time="093703">CalculateField RBSE_limites Down_shape "http://www.institutopristino.org.br/wp-content/uploads/2016/03/RBSE_limites.7z" VB #</Process><Process ToolSource="c:\program files (x86)\arcgis\desktop10.4\ArcToolbox\Toolboxes\Data Management Tools.tbx\CalculateField" Date="20161226" Time="093726">CalculateField RBSE_limites Down_kml "http://www.institutopristino.org.br/wp-content/uploads/2016/03/RBSE_limites.7z" VB #</Process></lineage></DataProperties></Esri></metadata>
